{"title":"DSAN-5000","markdown":{"yaml":{"title":"DSAN-5000","bibliography":"reference.bib"},"headingText":"Introduction:","containsRefs":false,"markdown":"\n\nSee the following link for more information about the author: [about me](../index.html)\n\n\nThe data question I'm seeking to explore is related to Electric Vehicles: their environmental impact, market share, and performance compared to gasoline vehicles. Over the past few years, auto manufacturers have started to add EVs to their lineup in an effort to meet the rising demand. This shift in consumer demand gives rise to many interesting questions to explore.\n\n## Academic Journal Research:\n\nThe incentive presented by the government greatly impacts the demand of EVs. Government regulation and environmental prospect, in particular will drive the adoption of transportation electrification [@yong2015review]. The environmental benefits of EVs immensely influence their dominance in the market. Electrifying transportation is a promising approach to alleviate the climate change issue [@yong2015review].\n\nStudies are being carried out to analyze the impact of EVs take up, with focus on economic, environment and technical issues on power grids [@situ2009electric]. It will lso be intersting to observe the efforsts made by the US to promote EVs compared to the rest of the world and how swiftly these vehicles can become ubiquitous. In fact, as OEM introduce more EV model to the end consumer by 2012, the presents of electric vehicle will be widely seen and recognized [@situ2009electric].\n\n## Questions:\n\n10 questions looking to answer so far: <ol>\n* Can EVs completely replace gasoline vehicles in the future?\n* How much has the EV market grown in the past 5 years?\n* How would competition drive car prices in the EV market?\n* Where does the US EV market stand compared to other nations?\n* Which group of people are more likely to buy EVs?\n* How will EV impact the price of gasoline?\n* How well do EVs perform compared to a gasoline car?\n* What is the cost of ownership of a EV vs gasoline car?\n* Can everyone afford EVs?\n* What are the environmental impacts of EVs?\n* How are governments helping to promote EVs?\n\n</ol>\n\n<p>\nThese pages below will later be added on the nav bar.\n</p>\n\n\n## Code \n[github](https://github.com/anly501/dsan-5000-project-isfarbaset)\n\n\n## Data\n[github](https://github.com/anly501/dsan-5000-project-isfarbaset)\n\n## Data Gathering\n\n## Data Cleaning\n\n## Data Exploration\n\n## Clustering\n\n## Dimensionality Reduction\n\n## Decision Trees\n### CLassification\n### Regression\n\n## ARM\n\n## Conclusions\n\n\n\n### References:","srcMarkdownNoYaml":"\n\nSee the following link for more information about the author: [about me](../index.html)\n\n## Introduction:\n\nThe data question I'm seeking to explore is related to Electric Vehicles: their environmental impact, market share, and performance compared to gasoline vehicles. Over the past few years, auto manufacturers have started to add EVs to their lineup in an effort to meet the rising demand. This shift in consumer demand gives rise to many interesting questions to explore.\n\n## Academic Journal Research:\n\nThe incentive presented by the government greatly impacts the demand of EVs. Government regulation and environmental prospect, in particular will drive the adoption of transportation electrification [@yong2015review]. The environmental benefits of EVs immensely influence their dominance in the market. Electrifying transportation is a promising approach to alleviate the climate change issue [@yong2015review].\n\nStudies are being carried out to analyze the impact of EVs take up, with focus on economic, environment and technical issues on power grids [@situ2009electric]. It will lso be intersting to observe the efforsts made by the US to promote EVs compared to the rest of the world and how swiftly these vehicles can become ubiquitous. In fact, as OEM introduce more EV model to the end consumer by 2012, the presents of electric vehicle will be widely seen and recognized [@situ2009electric].\n\n## Questions:\n\n10 questions looking to answer so far: <ol>\n* Can EVs completely replace gasoline vehicles in the future?\n* How much has the EV market grown in the past 5 years?\n* How would competition drive car prices in the EV market?\n* Where does the US EV market stand compared to other nations?\n* Which group of people are more likely to buy EVs?\n* How will EV impact the price of gasoline?\n* How well do EVs perform compared to a gasoline car?\n* What is the cost of ownership of a EV vs gasoline car?\n* Can everyone afford EVs?\n* What are the environmental impacts of EVs?\n* How are governments helping to promote EVs?\n\n</ol>\n\n<p>\nThese pages below will later be added on the nav bar.\n</p>\n\n\n## Code \n[github](https://github.com/anly501/dsan-5000-project-isfarbaset)\n\n\n## Data\n[github](https://github.com/anly501/dsan-5000-project-isfarbaset)\n\n## Data Gathering\n\n## Data Cleaning\n\n## Data Exploration\n\n## Clustering\n\n## Dimensionality Reduction\n\n## Decision Trees\n### CLassification\n### Regression\n\n## ARM\n\n## Conclusions\n\n\n\n### References:"},"formats":{"html":{"identifier":{"display-name":"HTML","target-format":"html","base-format":"html"},"execute":{"fig-width":7,"fig-height":5,"fig-format":"retina","fig-dpi":96,"df-print":"default","error":false,"eval":true,"cache":null,"freeze":false,"echo":true,"output":true,"warning":true,"include":true,"keep-md":false,"keep-ipynb":false,"ipynb":null,"enabled":null,"daemon":null,"daemon-restart":false,"debug":false,"ipynb-filters":[],"engine":"markdown"},"render":{"keep-tex":false,"keep-source":false,"keep-hidden":false,"prefer-html":false,"output-divs":true,"output-ext":"html","fig-align":"default","fig-pos":null,"fig-env":null,"code-fold":"none","code-overflow":"scroll","code-link":false,"code-line-numbers":false,"code-tools":false,"tbl-colwidths":"auto","merge-includes":true,"inline-includes":false,"preserve-yaml":false,"latex-auto-mk":true,"latex-auto-install":true,"latex-clean":true,"latex-max-runs":10,"latex-makeindex":"makeindex","latex-makeindex-opts":[],"latex-tlmgr-opts":[],"latex-input-paths":[],"latex-output-dir":null,"link-external-icon":false,"link-external-newwindow":false,"self-contained-math":false,"format-resources":[],"notebook-links":true,"format-links":true},"pandoc":{"standalone":true,"wrap":"none","default-image-extension":"png","to":"html","toc":true,"output-file":"index.html"},"language":{"toc-title-document":"Table of contents","toc-title-website":"On this page","related-formats-title":"Other Formats","related-notebooks-title":"Notebooks","source-notebooks-prefix":"Source","section-title-abstract":"Abstract","section-title-appendices":"Appendices","section-title-footnotes":"Footnotes","section-title-references":"References","section-title-reuse":"Reuse","section-title-copyright":"Copyright","section-title-citation":"Citation","appendix-attribution-cite-as":"For attribution, please cite this work as:","appendix-attribution-bibtex":"BibTeX citation:","title-block-author-single":"Author","title-block-author-plural":"Authors","title-block-affiliation-single":"Affiliation","title-block-affiliation-plural":"Affiliations","title-block-published":"Published","title-block-modified":"Modified","callout-tip-title":"Tip","callout-note-title":"Note","callout-warning-title":"Warning","callout-important-title":"Important","callout-caution-title":"Caution","code-summary":"Code","code-tools-menu-caption":"Code","code-tools-show-all-code":"Show All Code","code-tools-hide-all-code":"Hide All Code","code-tools-view-source":"View Source","code-tools-source-code":"Source Code","code-line":"Line","code-lines":"Lines","copy-button-tooltip":"Copy to Clipboard","copy-button-tooltip-success":"Copied!","repo-action-links-edit":"Edit this page","repo-action-links-source":"View source","repo-action-links-issue":"Report an issue","back-to-top":"Back to top","search-no-results-text":"No results","search-matching-documents-text":"matching documents","search-copy-link-title":"Copy link to search","search-hide-matches-text":"Hide additional matches","search-more-match-text":"more match in this document","search-more-matches-text":"more matches in this document","search-clear-button-title":"Clear","search-detached-cancel-button-title":"Cancel","search-submit-button-title":"Submit","search-label":"Search","toggle-section":"Toggle section","toggle-sidebar":"Toggle sidebar navigation","toggle-dark-mode":"Toggle dark mode","toggle-reader-mode":"Toggle reader mode","toggle-navigation":"Toggle navigation","crossref-fig-title":"Figure","crossref-tbl-title":"Table","crossref-lst-title":"Listing","crossref-thm-title":"Theorem","crossref-lem-title":"Lemma","crossref-cor-title":"Corollary","crossref-prp-title":"Proposition","crossref-cnj-title":"Conjecture","crossref-def-title":"Definition","crossref-exm-title":"Example","crossref-exr-title":"Exercise","crossref-ch-prefix":"Chapter","crossref-apx-prefix":"Appendix","crossref-sec-prefix":"Section","crossref-eq-prefix":"Equation","crossref-lof-title":"List of Figures","crossref-lot-title":"List of Tables","crossref-lol-title":"List of Listings","environment-proof-title":"Proof","environment-remark-title":"Remark","environment-solution-title":"Solution","listing-page-order-by":"Order By","listing-page-order-by-default":"Default","listing-page-order-by-date-asc":"Oldest","listing-page-order-by-date-desc":"Newest","listing-page-order-by-number-desc":"High to Low","listing-page-order-by-number-asc":"Low to High","listing-page-field-date":"Date","listing-page-field-title":"Title","listing-page-field-description":"Description","listing-page-field-author":"Author","listing-page-field-filename":"File Name","listing-page-field-filemodified":"Modified","listing-page-field-subtitle":"Subtitle","listing-page-field-readingtime":"Reading Time","listing-page-field-categories":"Categories","listing-page-minutes-compact":"{0} min","listing-page-category-all":"All","listing-page-no-matches":"No matching items"},"metadata":{"lang":"en","fig-responsive":true,"quarto-version":"1.3.450","theme":"cosmo","title":"DSAN-5000","bibliography":["reference.bib"]},"extensions":{"book":{"multiFile":true}}}},"projectFormats":["html"]}