{"title":"Data Gathering","markdown":{"yaml":{"title":"Data Gathering"},"headingText":"Data Source: API Call","containsRefs":false,"markdown":"\n\n\nSource: https://rapidapi.com/MrTuvoc/api/electricar/\n```{python}\n\nimport requests\nimport json\n\nurl = \"https://electricar.p.rapidapi.com/electricars\"\n\nquerystring = {\"page\":\"1\",\"page_size\":\"10\"}\n\nheaders = {\n\t\"X-RapidAPI-Key\": \"14d8d40c8amsh63b4f7a4468db90p1c3237jsn9e3b7c33366d\",\n\t\"X-RapidAPI-Host\": \"electricar.p.rapidapi.com\"\n}\n\nresponse = requests.get(url, headers=headers, params=querystring)\n\ndata = response.json()\nprint(data)\n\n# Convert the data to a JSON string\njson_string = json.dumps(data, indent=4)  # indent parameter for pretty-printing\n\n# Specify the file path where you want to save the JSON data\nfile_path = \"output.json\"\n\n# Write the JSON string to the file\nwith open(file_path, \"w\") as file:\n    file.write(json_string)\n\nprint(f\"JSON data saved to {file_path}\")\n```\n\nJSON Output:\n\n[\n    {\n        \"_id\": \"64b8150c3f35c83376286f52\",\n        \"VIN (1-10)\": \"KMHC05LH6K\",\n        \"County\": \"Snohomish\",\n        \"City\": \"Edmonds\",\n        \"State\": \"WA\",\n        \"Postal Code\": 98026,\n        \"Model Year\": 2019,\n        \"Make\": \"HYUNDAI\",\n        \"Model\": \"IONIQ\",\n        \"Electric Vehicle Type\": \"Battery Electric Vehicle (BEV)\",\n        \"Clean Alternative Fuel Vehicle (CAFV) Eligibility\": \"Clean Alternative Fuel Vehicle Eligible\",\n        \"Electric Range\": 124,\n        \"Base MSRP\": 0,\n        \"Legislative District\": 21,\n        \"DOL Vehicle ID\": 167322298,\n        \"Vehicle Location\": \"POINT (-122.33568499999996 47.803720000000055)\",\n        \"Electric Utility\": \"PUGET SOUND ENERGY INC\",\n        \"2020 Census Tract\": 53061042003\n    },\n    {\n        \"_id\": \"64b8150c3f35c83376286f2c\",\n        \"VIN (1-10)\": \"5YJYGDEE3L\",\n        \"County\": \"Snohomish\",\n        \"City\": \"Bothell\",\n        \"State\": \"WA\",\n        \"Postal Code\": 98021,\n        \"Model Year\": 2020,\n        \"Make\": \"TESLA\",\n        \"Model\": \"MODEL Y\",\n        \"Electric Vehicle Type\": \"Battery Electric Vehicle (BEV)\",\n        \"Clean Alternative Fuel Vehicle (CAFV) Eligibility\": \"Clean Alternative Fuel Vehicle Eligible\",\n        \"Electric Range\": 291,\n        \"Base MSRP\": 0,\n        \"Legislative District\": 1,\n        \"DOL Vehicle ID\": 124338350,\n        \"Vehicle Location\": \"POINT (-122.17945799999995 47.80258900000007)\",\n        \"Electric Utility\": \"PUGET SOUND ENERGY INC\",\n        \"2020 Census Tract\": 53061051937\n    },\n    {\n        \"_id\": \"64b8150c3f35c83376286f26\",\n        \"VIN (1-10)\": \"1G1RB6S58J\",\n        \"County\": \"Yakima\",\n        \"City\": \"Selah\",\n        \"State\": \"WA\",\n        \"Postal Code\": 98942,\n        \"Model Year\": 2018,\n        \"Make\": \"CHEVROLET\",\n        \"Model\": \"VOLT\",\n        \"Electric Vehicle Type\": \"Plug-in Hybrid Electric Vehicle (PHEV)\",\n        \"Clean Alternative Fuel Vehicle (CAFV) Eligibility\": \"Clean Alternative Fuel Vehicle Eligible\",\n        \"Electric Range\": 53,\n        \"Base MSRP\": 0,\n        \"Legislative District\": 13,\n        \"DOL Vehicle ID\": 474699725,\n        \"Vehicle Location\": \"POINT (-120.54187999999999 46.654175000000066)\",\n        \"Electric Utility\": \"PACIFICORP\",\n        \"2020 Census Tract\": 53077003004\n    },\n    {\n        \"_id\": \"64b8150c3f35c83376286f22\",\n        \"VIN (1-10)\": \"1N4AZ1CP8K\",\n        \"County\": \"Kitsap\",\n        \"City\": \"Port Orchard\",\n        \"State\": \"WA\",\n        \"Postal Code\": 98366,\n        \"Model Year\": 2019,\n        \"Make\": \"NISSAN\",\n        \"Model\": \"LEAF\",\n        \"Electric Vehicle Type\": \"Battery Electric Vehicle (BEV)\",\n        \"Clean Alternative Fuel Vehicle (CAFV) Eligibility\": \"Clean Alternative Fuel Vehicle Eligible\",\n        \"Electric Range\": 150,\n        \"Base MSRP\": 0,\n        \"Legislative District\": 26,\n        \"DOL Vehicle ID\": 271008636,\n        \"Vehicle Location\": \"POINT (-122.63926499999997 47.53730000000007)\",\n        \"Electric Utility\": \"PUGET SOUND ENERGY INC\",\n        \"2020 Census Tract\": 53035092300\n    },\n    {\n        \"_id\": \"64b8150c3f35c83376286f75\",\n        \"VIN (1-10)\": \"1G1RA6E41D\",\n        \"County\": \"Snohomish\",\n        \"City\": \"Monroe\",\n        \"State\": \"WA\",\n        \"Postal Code\": 98272,\n        \"Model Year\": 2013,\n        \"Make\": \"CHEVROLET\",\n        \"Model\": \"VOLT\",\n        \"Electric Vehicle Type\": \"Plug-in Hybrid Electric Vehicle (PHEV)\",\n        \"Clean Alternative Fuel Vehicle (CAFV) Eligibility\": \"Clean Alternative Fuel Vehicle Eligible\",\n        \"Electric Range\": 38,\n        \"Base MSRP\": 0,\n        \"Legislative District\": 39,\n        \"DOL Vehicle ID\": 211965127,\n        \"Vehicle Location\": \"POINT (-121.97221499999995 47.85674000000006)\",\n        \"Electric Utility\": \"PUGET SOUND ENERGY INC\",\n        \"2020 Census Tract\": 53061052204\n    },\n    {\n        \"_id\": \"64b8150c3f35c83376286f9a\",\n        \"VIN (1-10)\": \"5YJSA1E25H\",\n        \"County\": \"Snohomish\",\n        \"City\": \"Bothell\",\n        \"State\": \"WA\",\n        \"Postal Code\": 98021,\n        \"Model Year\": 2017,\n        \"Make\": \"TESLA\",\n        \"Model\": \"MODEL S\",\n        \"Electric Vehicle Type\": \"Battery Electric Vehicle (BEV)\",\n        \"Clean Alternative Fuel Vehicle (CAFV) Eligibility\": \"Clean Alternative Fuel Vehicle Eligible\",\n        \"Electric Range\": 210,\n        \"Base MSRP\": 0,\n        \"Legislative District\": 1,\n        \"DOL Vehicle ID\": 3562576,\n        \"Vehicle Location\": \"POINT (-122.17945799999995 47.80258900000007)\",\n        \"Electric Utility\": \"PUGET SOUND ENERGY INC\",\n        \"2020 Census Tract\": 53061051932\n    },\n    {\n        \"_id\": \"64b8150c3f35c83376286fa5\",\n        \"VIN (1-10)\": \"5YJ3E1EA3J\",\n        \"County\": \"Yakima\",\n        \"City\": \"Yakima\",\n        \"State\": \"WA\",\n        \"Postal Code\": 98902,\n        \"Model Year\": 2018,\n        \"Make\": \"TESLA\",\n        \"Model\": \"MODEL 3\",\n        \"Electric Vehicle Type\": \"Battery Electric Vehicle (BEV)\",\n        \"Clean Alternative Fuel Vehicle (CAFV) Eligibility\": \"Clean Alternative Fuel Vehicle Eligible\",\n        \"Electric Range\": 215,\n        \"Base MSRP\": 0,\n        \"Legislative District\": 14,\n        \"DOL Vehicle ID\": 476029207,\n        \"Vehicle Location\": \"POINT (-120.52401199999997 46.59739390000004)\",\n        \"Electric Utility\": \"PACIFICORP\",\n        \"2020 Census Tract\": 53077000600\n    },\n    {\n        \"_id\": \"64b8150c3f35c83376286fac\",\n        \"VIN (1-10)\": \"5YJ3E1EAXJ\",\n        \"County\": \"Island\",\n        \"City\": \"Oak Harbor\",\n        \"State\": \"WA\",\n        \"Postal Code\": 98277,\n        \"Model Year\": 2018,\n        \"Make\": \"TESLA\",\n        \"Model\": \"MODEL 3\",\n        \"Electric Vehicle Type\": \"Battery Electric Vehicle (BEV)\",\n        \"Clean Alternative Fuel Vehicle (CAFV) Eligibility\": \"Clean Alternative Fuel Vehicle Eligible\",\n        \"Electric Range\": 215,\n        \"Base MSRP\": 0,\n        \"Legislative District\": 10,\n        \"DOL Vehicle ID\": 338472676,\n        \"Vehicle Location\": \"POINT (-122.67886729999998 48.28973140000005)\",\n        \"Electric Utility\": \"PUGET SOUND ENERGY INC\",\n        \"2020 Census Tract\": 53029971000\n    },\n    {\n        \"_id\": \"64b8150c3f35c83376286fb0\",\n        \"VIN (1-10)\": \"WBY1Z8C38H\",\n        \"County\": \"Yakima\",\n        \"City\": \"Yakima\",\n        \"State\": \"WA\",\n        \"Postal Code\": 98902,\n        \"Model Year\": 2017,\n        \"Make\": \"BMW\",\n        \"Model\": \"I3\",\n        \"Electric Vehicle Type\": \"Plug-in Hybrid Electric Vehicle (PHEV)\",\n        \"Clean Alternative Fuel Vehicle (CAFV) Eligibility\": \"Clean Alternative Fuel Vehicle Eligible\",\n        \"Electric Range\": 97,\n        \"Base MSRP\": 0,\n        \"Legislative District\": 14,\n        \"DOL Vehicle ID\": 347881089,\n        \"Vehicle Location\": \"POINT (-120.52401199999997 46.59739390000004)\",\n        \"Electric Utility\": \"PACIFICORP\",\n        \"2020 Census Tract\": 53077000700\n    },\n    {\n        \"_id\": \"64b8150c3f35c83376286fb8\",\n        \"VIN (1-10)\": \"5YJ3E1EA6J\",\n        \"County\": \"Snohomish\",\n        \"City\": \"Bothell\",\n        \"State\": \"WA\",\n        \"Postal Code\": 98012,\n        \"Model Year\": 2018,\n        \"Make\": \"TESLA\",\n        \"Model\": \"MODEL 3\",\n        \"Electric Vehicle Type\": \"Battery Electric Vehicle (BEV)\",\n        \"Clean Alternative Fuel Vehicle (CAFV) Eligibility\": \"Clean Alternative Fuel Vehicle Eligible\",\n        \"Electric Range\": 215,\n        \"Base MSRP\": 0,\n        \"Legislative District\": 21,\n        \"DOL Vehicle ID\": 123374772,\n        \"Vehicle Location\": \"POINT (-122.1873 47.82024500000006)\",\n        \"Electric Utility\": \"PUGET SOUND ENERGY INC\",\n        \"2020 Census Tract\": 53061051927\n    }\n]\n\n## Looking at Stock Prices of Tesla VS. Other Automotive Companies:\n\n```{r}\n#| vscode: {languageId: r}\nlibrary(quantmod)\nlibrary(plotly)\n```\n\n```{r}\n#| vscode: {languageId: r}\n\noptions(\"getSymbols.warning4.0\"=FALSE)\noptions(\"getSymbols.yahoo.warning\"=FALSE)\n\ntickers = c(\"STLA\",\"GM\", \"TM\",\"NSANY\", \"MBGYY\", \"BMWYY\",\"POAHY\", \"TSLA\" )\n\ngetSymbols(tickers,auto.assign = TRUE, src=\"yahoo\")\n\nfor (i in tickers){\n  getSymbols(i,\n             from = \"2016-01-01\",\n             to = \"2023-01-01\")}\n\nx <- list(\n  title = \"date\"\n)\ny <- list(\n  title = \"value\"\n)\n\nstock <- data.frame(STLA$STLA.Adjusted,\n                    GM$GM.Adjusted,\n                    TM$TM.Adjusted,\n                    NSANY$NSANY.Adjusted,\n                    MBGYY$MBGYY.Adjusted,\n                    BMWYY$BMWYY.Adjusted,\n                    POAHY$POAHY.Adjusted,\n                    TSLA$TSLA.Adjusted)\n\n\nstock <- data.frame(stock,rownames(stock))\n\ncolnames(stock) <- append(tickers,'Dates')\nhead(stock)\n\nstock$Dates<-as.Date(stock$Dates,\"%Y-%m-%d\")\nstr(stock)\n\ng <- ggplot(stock, aes(x=Dates)) +\n  geom_line(aes(y=STLA, colour=\"STLA\"))+ \n  geom_line(aes(y=GM, colour=\"GM\"))+\n  geom_line(aes(y=TM, colour=\"TM\"))+ \n  geom_line(aes(y=NSANY, colour=\"NSANY\"))+ \n  geom_line(aes(y=MBGYY, colour=\"MBGYY\"))+\n  geom_line(aes(y=BMWYY, colour=\"BMWYY\"))+ \n  geom_line(aes(y=POAHY, colour=\"POAHY\"))+ \n  geom_line(aes(y=TSLA, colour=\"TSLA\"))+ \n  labs(\n    title = \"Stock Prices for Automotive Companies\",\n    subtitle = \"From 2016-2023\",\n    x = \"Date\",\n    y = \"Adjusted Closing Prices\")+\n    guides(colour=guide_legend(title=\"Automotive Companies\")) \n\nggplotly(g) %>%\n  layout(hovermode = \"x\")\n\n# Save the dataframe to a CSV file\nwrite.csv(stock, file = \"stock.csv\", row.names = FALSE)\n```\n\nData from Bloomberg:\n\n![Alt text](../images/bloomberg_graph.png)\n\n\n\n\n","srcMarkdownNoYaml":"\n\n## Data Source: API Call\n\nSource: https://rapidapi.com/MrTuvoc/api/electricar/\n```{python}\n\nimport requests\nimport json\n\nurl = \"https://electricar.p.rapidapi.com/electricars\"\n\nquerystring = {\"page\":\"1\",\"page_size\":\"10\"}\n\nheaders = {\n\t\"X-RapidAPI-Key\": \"14d8d40c8amsh63b4f7a4468db90p1c3237jsn9e3b7c33366d\",\n\t\"X-RapidAPI-Host\": \"electricar.p.rapidapi.com\"\n}\n\nresponse = requests.get(url, headers=headers, params=querystring)\n\ndata = response.json()\nprint(data)\n\n# Convert the data to a JSON string\njson_string = json.dumps(data, indent=4)  # indent parameter for pretty-printing\n\n# Specify the file path where you want to save the JSON data\nfile_path = \"output.json\"\n\n# Write the JSON string to the file\nwith open(file_path, \"w\") as file:\n    file.write(json_string)\n\nprint(f\"JSON data saved to {file_path}\")\n```\n\nJSON Output:\n\n[\n    {\n        \"_id\": \"64b8150c3f35c83376286f52\",\n        \"VIN (1-10)\": \"KMHC05LH6K\",\n        \"County\": \"Snohomish\",\n        \"City\": \"Edmonds\",\n        \"State\": \"WA\",\n        \"Postal Code\": 98026,\n        \"Model Year\": 2019,\n        \"Make\": \"HYUNDAI\",\n        \"Model\": \"IONIQ\",\n        \"Electric Vehicle Type\": \"Battery Electric Vehicle (BEV)\",\n        \"Clean Alternative Fuel Vehicle (CAFV) Eligibility\": \"Clean Alternative Fuel Vehicle Eligible\",\n        \"Electric Range\": 124,\n        \"Base MSRP\": 0,\n        \"Legislative District\": 21,\n        \"DOL Vehicle ID\": 167322298,\n        \"Vehicle Location\": \"POINT (-122.33568499999996 47.803720000000055)\",\n        \"Electric Utility\": \"PUGET SOUND ENERGY INC\",\n        \"2020 Census Tract\": 53061042003\n    },\n    {\n        \"_id\": \"64b8150c3f35c83376286f2c\",\n        \"VIN (1-10)\": \"5YJYGDEE3L\",\n        \"County\": \"Snohomish\",\n        \"City\": \"Bothell\",\n        \"State\": \"WA\",\n        \"Postal Code\": 98021,\n        \"Model Year\": 2020,\n        \"Make\": \"TESLA\",\n        \"Model\": \"MODEL Y\",\n        \"Electric Vehicle Type\": \"Battery Electric Vehicle (BEV)\",\n        \"Clean Alternative Fuel Vehicle (CAFV) Eligibility\": \"Clean Alternative Fuel Vehicle Eligible\",\n        \"Electric Range\": 291,\n        \"Base MSRP\": 0,\n        \"Legislative District\": 1,\n        \"DOL Vehicle ID\": 124338350,\n        \"Vehicle Location\": \"POINT (-122.17945799999995 47.80258900000007)\",\n        \"Electric Utility\": \"PUGET SOUND ENERGY INC\",\n        \"2020 Census Tract\": 53061051937\n    },\n    {\n        \"_id\": \"64b8150c3f35c83376286f26\",\n        \"VIN (1-10)\": \"1G1RB6S58J\",\n        \"County\": \"Yakima\",\n        \"City\": \"Selah\",\n        \"State\": \"WA\",\n        \"Postal Code\": 98942,\n        \"Model Year\": 2018,\n        \"Make\": \"CHEVROLET\",\n        \"Model\": \"VOLT\",\n        \"Electric Vehicle Type\": \"Plug-in Hybrid Electric Vehicle (PHEV)\",\n        \"Clean Alternative Fuel Vehicle (CAFV) Eligibility\": \"Clean Alternative Fuel Vehicle Eligible\",\n        \"Electric Range\": 53,\n        \"Base MSRP\": 0,\n        \"Legislative District\": 13,\n        \"DOL Vehicle ID\": 474699725,\n        \"Vehicle Location\": \"POINT (-120.54187999999999 46.654175000000066)\",\n        \"Electric Utility\": \"PACIFICORP\",\n        \"2020 Census Tract\": 53077003004\n    },\n    {\n        \"_id\": \"64b8150c3f35c83376286f22\",\n        \"VIN (1-10)\": \"1N4AZ1CP8K\",\n        \"County\": \"Kitsap\",\n        \"City\": \"Port Orchard\",\n        \"State\": \"WA\",\n        \"Postal Code\": 98366,\n        \"Model Year\": 2019,\n        \"Make\": \"NISSAN\",\n        \"Model\": \"LEAF\",\n        \"Electric Vehicle Type\": \"Battery Electric Vehicle (BEV)\",\n        \"Clean Alternative Fuel Vehicle (CAFV) Eligibility\": \"Clean Alternative Fuel Vehicle Eligible\",\n        \"Electric Range\": 150,\n        \"Base MSRP\": 0,\n        \"Legislative District\": 26,\n        \"DOL Vehicle ID\": 271008636,\n        \"Vehicle Location\": \"POINT (-122.63926499999997 47.53730000000007)\",\n        \"Electric Utility\": \"PUGET SOUND ENERGY INC\",\n        \"2020 Census Tract\": 53035092300\n    },\n    {\n        \"_id\": \"64b8150c3f35c83376286f75\",\n        \"VIN (1-10)\": \"1G1RA6E41D\",\n        \"County\": \"Snohomish\",\n        \"City\": \"Monroe\",\n        \"State\": \"WA\",\n        \"Postal Code\": 98272,\n        \"Model Year\": 2013,\n        \"Make\": \"CHEVROLET\",\n        \"Model\": \"VOLT\",\n        \"Electric Vehicle Type\": \"Plug-in Hybrid Electric Vehicle (PHEV)\",\n        \"Clean Alternative Fuel Vehicle (CAFV) Eligibility\": \"Clean Alternative Fuel Vehicle Eligible\",\n        \"Electric Range\": 38,\n        \"Base MSRP\": 0,\n        \"Legislative District\": 39,\n        \"DOL Vehicle ID\": 211965127,\n        \"Vehicle Location\": \"POINT (-121.97221499999995 47.85674000000006)\",\n        \"Electric Utility\": \"PUGET SOUND ENERGY INC\",\n        \"2020 Census Tract\": 53061052204\n    },\n    {\n        \"_id\": \"64b8150c3f35c83376286f9a\",\n        \"VIN (1-10)\": \"5YJSA1E25H\",\n        \"County\": \"Snohomish\",\n        \"City\": \"Bothell\",\n        \"State\": \"WA\",\n        \"Postal Code\": 98021,\n        \"Model Year\": 2017,\n        \"Make\": \"TESLA\",\n        \"Model\": \"MODEL S\",\n        \"Electric Vehicle Type\": \"Battery Electric Vehicle (BEV)\",\n        \"Clean Alternative Fuel Vehicle (CAFV) Eligibility\": \"Clean Alternative Fuel Vehicle Eligible\",\n        \"Electric Range\": 210,\n        \"Base MSRP\": 0,\n        \"Legislative District\": 1,\n        \"DOL Vehicle ID\": 3562576,\n        \"Vehicle Location\": \"POINT (-122.17945799999995 47.80258900000007)\",\n        \"Electric Utility\": \"PUGET SOUND ENERGY INC\",\n        \"2020 Census Tract\": 53061051932\n    },\n    {\n        \"_id\": \"64b8150c3f35c83376286fa5\",\n        \"VIN (1-10)\": \"5YJ3E1EA3J\",\n        \"County\": \"Yakima\",\n        \"City\": \"Yakima\",\n        \"State\": \"WA\",\n        \"Postal Code\": 98902,\n        \"Model Year\": 2018,\n        \"Make\": \"TESLA\",\n        \"Model\": \"MODEL 3\",\n        \"Electric Vehicle Type\": \"Battery Electric Vehicle (BEV)\",\n        \"Clean Alternative Fuel Vehicle (CAFV) Eligibility\": \"Clean Alternative Fuel Vehicle Eligible\",\n        \"Electric Range\": 215,\n        \"Base MSRP\": 0,\n        \"Legislative District\": 14,\n        \"DOL Vehicle ID\": 476029207,\n        \"Vehicle Location\": \"POINT (-120.52401199999997 46.59739390000004)\",\n        \"Electric Utility\": \"PACIFICORP\",\n        \"2020 Census Tract\": 53077000600\n    },\n    {\n        \"_id\": \"64b8150c3f35c83376286fac\",\n        \"VIN (1-10)\": \"5YJ3E1EAXJ\",\n        \"County\": \"Island\",\n        \"City\": \"Oak Harbor\",\n        \"State\": \"WA\",\n        \"Postal Code\": 98277,\n        \"Model Year\": 2018,\n        \"Make\": \"TESLA\",\n        \"Model\": \"MODEL 3\",\n        \"Electric Vehicle Type\": \"Battery Electric Vehicle (BEV)\",\n        \"Clean Alternative Fuel Vehicle (CAFV) Eligibility\": \"Clean Alternative Fuel Vehicle Eligible\",\n        \"Electric Range\": 215,\n        \"Base MSRP\": 0,\n        \"Legislative District\": 10,\n        \"DOL Vehicle ID\": 338472676,\n        \"Vehicle Location\": \"POINT (-122.67886729999998 48.28973140000005)\",\n        \"Electric Utility\": \"PUGET SOUND ENERGY INC\",\n        \"2020 Census Tract\": 53029971000\n    },\n    {\n        \"_id\": \"64b8150c3f35c83376286fb0\",\n        \"VIN (1-10)\": \"WBY1Z8C38H\",\n        \"County\": \"Yakima\",\n        \"City\": \"Yakima\",\n        \"State\": \"WA\",\n        \"Postal Code\": 98902,\n        \"Model Year\": 2017,\n        \"Make\": \"BMW\",\n        \"Model\": \"I3\",\n        \"Electric Vehicle Type\": \"Plug-in Hybrid Electric Vehicle (PHEV)\",\n        \"Clean Alternative Fuel Vehicle (CAFV) Eligibility\": \"Clean Alternative Fuel Vehicle Eligible\",\n        \"Electric Range\": 97,\n        \"Base MSRP\": 0,\n        \"Legislative District\": 14,\n        \"DOL Vehicle ID\": 347881089,\n        \"Vehicle Location\": \"POINT (-120.52401199999997 46.59739390000004)\",\n        \"Electric Utility\": \"PACIFICORP\",\n        \"2020 Census Tract\": 53077000700\n    },\n    {\n        \"_id\": \"64b8150c3f35c83376286fb8\",\n        \"VIN (1-10)\": \"5YJ3E1EA6J\",\n        \"County\": \"Snohomish\",\n        \"City\": \"Bothell\",\n        \"State\": \"WA\",\n        \"Postal Code\": 98012,\n        \"Model Year\": 2018,\n        \"Make\": \"TESLA\",\n        \"Model\": \"MODEL 3\",\n        \"Electric Vehicle Type\": \"Battery Electric Vehicle (BEV)\",\n        \"Clean Alternative Fuel Vehicle (CAFV) Eligibility\": \"Clean Alternative Fuel Vehicle Eligible\",\n        \"Electric Range\": 215,\n        \"Base MSRP\": 0,\n        \"Legislative District\": 21,\n        \"DOL Vehicle ID\": 123374772,\n        \"Vehicle Location\": \"POINT (-122.1873 47.82024500000006)\",\n        \"Electric Utility\": \"PUGET SOUND ENERGY INC\",\n        \"2020 Census Tract\": 53061051927\n    }\n]\n\n## Looking at Stock Prices of Tesla VS. Other Automotive Companies:\n\n```{r}\n#| vscode: {languageId: r}\nlibrary(quantmod)\nlibrary(plotly)\n```\n\n```{r}\n#| vscode: {languageId: r}\n\noptions(\"getSymbols.warning4.0\"=FALSE)\noptions(\"getSymbols.yahoo.warning\"=FALSE)\n\ntickers = c(\"STLA\",\"GM\", \"TM\",\"NSANY\", \"MBGYY\", \"BMWYY\",\"POAHY\", \"TSLA\" )\n\ngetSymbols(tickers,auto.assign = TRUE, src=\"yahoo\")\n\nfor (i in tickers){\n  getSymbols(i,\n             from = \"2016-01-01\",\n             to = \"2023-01-01\")}\n\nx <- list(\n  title = \"date\"\n)\ny <- list(\n  title = \"value\"\n)\n\nstock <- data.frame(STLA$STLA.Adjusted,\n                    GM$GM.Adjusted,\n                    TM$TM.Adjusted,\n                    NSANY$NSANY.Adjusted,\n                    MBGYY$MBGYY.Adjusted,\n                    BMWYY$BMWYY.Adjusted,\n                    POAHY$POAHY.Adjusted,\n                    TSLA$TSLA.Adjusted)\n\n\nstock <- data.frame(stock,rownames(stock))\n\ncolnames(stock) <- append(tickers,'Dates')\nhead(stock)\n\nstock$Dates<-as.Date(stock$Dates,\"%Y-%m-%d\")\nstr(stock)\n\ng <- ggplot(stock, aes(x=Dates)) +\n  geom_line(aes(y=STLA, colour=\"STLA\"))+ \n  geom_line(aes(y=GM, colour=\"GM\"))+\n  geom_line(aes(y=TM, colour=\"TM\"))+ \n  geom_line(aes(y=NSANY, colour=\"NSANY\"))+ \n  geom_line(aes(y=MBGYY, colour=\"MBGYY\"))+\n  geom_line(aes(y=BMWYY, colour=\"BMWYY\"))+ \n  geom_line(aes(y=POAHY, colour=\"POAHY\"))+ \n  geom_line(aes(y=TSLA, colour=\"TSLA\"))+ \n  labs(\n    title = \"Stock Prices for Automotive Companies\",\n    subtitle = \"From 2016-2023\",\n    x = \"Date\",\n    y = \"Adjusted Closing Prices\")+\n    guides(colour=guide_legend(title=\"Automotive Companies\")) \n\nggplotly(g) %>%\n  layout(hovermode = \"x\")\n\n# Save the dataframe to a CSV file\nwrite.csv(stock, file = \"stock.csv\", row.names = FALSE)\n```\n\nData from Bloomberg:\n\n![Alt text](../images/bloomberg_graph.png)\n\n\n\n\n"},"formats":{"html":{"identifier":{"display-name":"HTML","target-format":"html","base-format":"html"},"execute":{"fig-width":7,"fig-height":5,"fig-format":"retina","fig-dpi":96,"df-print":"default","error":false,"eval":true,"cache":null,"freeze":false,"echo":true,"output":true,"warning":true,"include":true,"keep-md":false,"keep-ipynb":false,"ipynb":null,"enabled":null,"daemon":null,"daemon-restart":false,"debug":false,"ipynb-filters":[],"engine":"knitr"},"render":{"keep-tex":false,"keep-source":false,"keep-hidden":false,"prefer-html":false,"output-divs":true,"output-ext":"html","fig-align":"default","fig-pos":null,"fig-env":null,"code-fold":"none","code-overflow":"scroll","code-link":false,"code-line-numbers":false,"code-tools":false,"tbl-colwidths":"auto","merge-includes":true,"inline-includes":false,"preserve-yaml":false,"latex-auto-mk":true,"latex-auto-install":true,"latex-clean":true,"latex-max-runs":10,"latex-makeindex":"makeindex","latex-makeindex-opts":[],"latex-tlmgr-opts":[],"latex-input-paths":[],"latex-output-dir":null,"link-external-icon":false,"link-external-newwindow":false,"self-contained-math":false,"format-resources":[],"notebook-links":true,"format-links":true},"pandoc":{"standalone":true,"wrap":"none","default-image-extension":"png","to":"html","toc":true,"output-file":"data_gathering.html"},"language":{"toc-title-document":"Table of contents","toc-title-website":"On this page","related-formats-title":"Other Formats","related-notebooks-title":"Notebooks","source-notebooks-prefix":"Source","section-title-abstract":"Abstract","section-title-appendices":"Appendices","section-title-footnotes":"Footnotes","section-title-references":"References","section-title-reuse":"Reuse","section-title-copyright":"Copyright","section-title-citation":"Citation","appendix-attribution-cite-as":"For attribution, please cite this work as:","appendix-attribution-bibtex":"BibTeX citation:","title-block-author-single":"Author","title-block-author-plural":"Authors","title-block-affiliation-single":"Affiliation","title-block-affiliation-plural":"Affiliations","title-block-published":"Published","title-block-modified":"Modified","callout-tip-title":"Tip","callout-note-title":"Note","callout-warning-title":"Warning","callout-important-title":"Important","callout-caution-title":"Caution","code-summary":"Code","code-tools-menu-caption":"Code","code-tools-show-all-code":"Show All Code","code-tools-hide-all-code":"Hide All Code","code-tools-view-source":"View Source","code-tools-source-code":"Source Code","code-line":"Line","code-lines":"Lines","copy-button-tooltip":"Copy to Clipboard","copy-button-tooltip-success":"Copied!","repo-action-links-edit":"Edit this page","repo-action-links-source":"View source","repo-action-links-issue":"Report an issue","back-to-top":"Back to top","search-no-results-text":"No results","search-matching-documents-text":"matching documents","search-copy-link-title":"Copy link to search","search-hide-matches-text":"Hide additional matches","search-more-match-text":"more match in this document","search-more-matches-text":"more matches in this document","search-clear-button-title":"Clear","search-detached-cancel-button-title":"Cancel","search-submit-button-title":"Submit","search-label":"Search","toggle-section":"Toggle section","toggle-sidebar":"Toggle sidebar navigation","toggle-dark-mode":"Toggle dark mode","toggle-reader-mode":"Toggle reader mode","toggle-navigation":"Toggle navigation","crossref-fig-title":"Figure","crossref-tbl-title":"Table","crossref-lst-title":"Listing","crossref-thm-title":"Theorem","crossref-lem-title":"Lemma","crossref-cor-title":"Corollary","crossref-prp-title":"Proposition","crossref-cnj-title":"Conjecture","crossref-def-title":"Definition","crossref-exm-title":"Example","crossref-exr-title":"Exercise","crossref-ch-prefix":"Chapter","crossref-apx-prefix":"Appendix","crossref-sec-prefix":"Section","crossref-eq-prefix":"Equation","crossref-lof-title":"List of Figures","crossref-lot-title":"List of Tables","crossref-lol-title":"List of Listings","environment-proof-title":"Proof","environment-remark-title":"Remark","environment-solution-title":"Solution","listing-page-order-by":"Order By","listing-page-order-by-default":"Default","listing-page-order-by-date-asc":"Oldest","listing-page-order-by-date-desc":"Newest","listing-page-order-by-number-desc":"High to Low","listing-page-order-by-number-asc":"Low to High","listing-page-field-date":"Date","listing-page-field-title":"Title","listing-page-field-description":"Description","listing-page-field-author":"Author","listing-page-field-filename":"File Name","listing-page-field-filemodified":"Modified","listing-page-field-subtitle":"Subtitle","listing-page-field-readingtime":"Reading Time","listing-page-field-categories":"Categories","listing-page-minutes-compact":"{0} min","listing-page-category-all":"All","listing-page-no-matches":"No matching items"},"metadata":{"lang":"en","fig-responsive":true,"quarto-version":"1.3.450","theme":"cosmo","title":"Data Gathering"},"extensions":{"book":{"multiFile":true}}}},"projectFormats":["html"]}