{"title":"Naïve Bayes","markdown":{"yaml":{"title":"Naïve Bayes"},"headingText":"Text Data","containsRefs":false,"markdown":"\n\n\n\n\n\n\nThe Naive Bayes Algorithm is a vital machine learning tool for classification based on Bayes' probability theory. It excels in training high-dimensional datasets for text classification. Common uses include sentiment analysis, news article classification, and spam filtering.  It assumes all features are independent and uses various distributions like Bernoulli for binary data, Multinomial for word counts, and Gaussian for continuous values. By storing feature probabilities for each class, it calculates the likelihood of an observation belonging to a particular class.\n\nThe objective in this section includes preparing textual and record data for performing naive bayes classification. The goal is to select the optimal number of features that will increase the likelihood of the model to predict different gorupings accurately. \n\nThere are different variants of Naive Bayes such as Gaussian, Multinomial and Bernoulli Naive Bayes. These variants are tailored for different types of data: Gaussian for continuous data that follow a normal distribution, Multinomial for discrete counts like in text analysis, and Bernoulli for binary data outcomes. Selecting the right variant is crucial; for example, text classification would be best served by Multinomial, while binary outcomes would lean on Bernoulli, and continuous data on Gaussian.\n\n\n## Preparing Data for Naïve Bayes:\n\n# Feature selection for text data\n\n### Vectorize\n\n### Partition Data\n\n### Utility function\n\n* Write a function to report accuracy\n* Note this will act on object stored in pythons global scope. Therefore as long as everything is named the same you can recycle it for multiple models\n\n## Search-1: Remove features from high to low\n\nFrom the images we can conclude that there's a trade-off between test accuracy and runtime; higher accuracies demand more processing time. As the number of features increases, initially there's a spike in test accuracy, which stabilizes and then slightly drops after peaking. The runtime generally rises with the number of features, but with several fluctuations.Training accuracy is consistently higher than test accuracy, indicating potential overfitting with more features.\n\n## VarianceThreshold\n\nFrom the images, as test accuracies increase, runtime for training and evaluation generally rises. Using more features initially leads to fluctuating train-test accuracy differences, but stabilizes as features approach 1000. Overall accuracy for both training and test sets tends to increase with more features, despite some fluctuations. Training and evaluation time spikes around 200 features, then gradually decreases and remains relatively stable.\n\n## Naïve Bayes (NB) with Labeled Text Data\n\nWhen the model is trained, insert code to output the following information about the training and test set \n   * **Remember that the test set was NOT seen during the training process, and therefore \"test\" predictions show how the model does on new \"unseen\" data**\n\nOverfitting happens when a model performs well on training data but poorly on new, unseen data. Under-fitting is when a model performs badly on both. With a training accuracy of 74.49% and a testing accuracy of 49.39%, the model seems to be overfitting, as it's not generalizing well to the test data.\n\nThe model was trained on a dataset and achieved an accuracy of 74.49% on the training set, but only 49.39% on the test set. The first 20 predictions and their errors are provided for both sets, indicating how much each prediction deviated from the expected result.\n\n### Confusion matrix\n\nGasoline vehicles are most accurately predicted with 61 correct predictions.\nElectric vehicles are often misclassified as hybrid, with 34 such cases.\nHybrid vehicles have a relatively even misclassification spread between electric and gasoline, with 33 and 18 instances, respectively.\n\n### Compute distance matrix\n\nDistance between sentence vectors for a subset of data\n\n### PCA\n\nThe visualizations display data on vehicle types: electric, gasoline, and hybrid. The first two plots show the spread of data points in 2D and 3D, with each color representing a vehicle type. The third plot provides a pairwise comparison of data features, showcasing distributions and relationships between features for each vehicle type.\n\n# Record Data\n\n## Preparing Data for Naïve Bayes:\n\n# Feature selection for text data\n\nThe images show that as the number of features increases, test accuracy remains relatively constant while training accuracy is higher. The runtime for both training (blue) and evaluation (red) also increases, with evaluation time seeing a sharper rise at around 13.5 features.\n\n## Naïve Bayes (NB) with Labeled Record Data\n\nOverfitting is when a model performs well on training data but poorly on testing data Under-fitting is when a model performs poorly on both. This model has a training accuracy of 83.75% and a testing accuracy of 60%. This significant drop suggests the model might be overfitting since it's not generalizing well to unseen data.\n\nThe model achieved ~ 81.25% accuracy on the training set and 60% on the test set. The test set had 8 mislabeled points out of 20. The provided predictions for both sets show specific errors compared to the expected values.\n\n### Confusion matrix\n\nThe confusion matrix shows predictions for car brands. Most brands were correctly predicted with a 1.0 score, except for Ford, which was misclassified 50% of the time.\n\n### Compute distance matrix\n\nDistance between sentence vectors for a subset of data\n\nThis is a heatmap representing data values in a matrix format. The diagonal line suggests a correlation between corresponding x and y values. Color intensity indicates the magnitude of the data, with darker shades likely representing higher values and lighter shades representing lower values. The color bar on the right provides a reference for the data values.\n\n### PCA\n\nThe first image is a pair plot showing relationships between multiple variables, with histograms on the diagonal indicating distributions. The second image is a 2D scatter plot with points colored based on 'Make'. The third is a 3D scatter plot displaying data distribution in three dimensions, with points colored by categories.\n\n# Conclusion\n\nFor text and record data related t electric vehicles, the model is trained on the training dataset and then its accuracy is evaluated on both the training and testing datasets. The testing accuracy indicates how well the model performs on unseen data.\n\nThe project findings will be documented in a report with sections for introduction, methodology, results, and conclusions. Key findings will be visualized using charts and graphs. A summarized PowerPoint presentation can also be prepared by highlighting major insights and recommendations. More details surrounding machine learning classification preocdecures and methods will be added as well. Additionally the organizational flow of information presented on this page has room for improvement as well. \n\nSources used: <br>\n\nhttps://www.turing.com/kb/an-introduction-to-naive-bayes-algorithm-for-beginners <br>\nhttps://towardsdatascience.com/naive-bayes-classifier-explained-50f9723571ed#:~:text=Naive%20bayes%20is%20a%20supervised%20learning%20algorithm%20for%20classification%20so,x2%20%2C%20%E2%80%A6%20%2C%20xn)). <br>\nhttps://www.analyticsvidhya.com/blog/2017/09/naive-bayes-explained/#:~:text=In%20statistics%2C%20naive%20Bayes%20classifiers,data%20and%20some%20prior%20knowledge. <br>\n\n","srcMarkdownNoYaml":"\n\n\n\n\n\n\nThe Naive Bayes Algorithm is a vital machine learning tool for classification based on Bayes' probability theory. It excels in training high-dimensional datasets for text classification. Common uses include sentiment analysis, news article classification, and spam filtering.  It assumes all features are independent and uses various distributions like Bernoulli for binary data, Multinomial for word counts, and Gaussian for continuous values. By storing feature probabilities for each class, it calculates the likelihood of an observation belonging to a particular class.\n\nThe objective in this section includes preparing textual and record data for performing naive bayes classification. The goal is to select the optimal number of features that will increase the likelihood of the model to predict different gorupings accurately. \n\nThere are different variants of Naive Bayes such as Gaussian, Multinomial and Bernoulli Naive Bayes. These variants are tailored for different types of data: Gaussian for continuous data that follow a normal distribution, Multinomial for discrete counts like in text analysis, and Bernoulli for binary data outcomes. Selecting the right variant is crucial; for example, text classification would be best served by Multinomial, while binary outcomes would lean on Bernoulli, and continuous data on Gaussian.\n\n# Text Data\n\n## Preparing Data for Naïve Bayes:\n\n# Feature selection for text data\n\n### Vectorize\n\n### Partition Data\n\n### Utility function\n\n* Write a function to report accuracy\n* Note this will act on object stored in pythons global scope. Therefore as long as everything is named the same you can recycle it for multiple models\n\n## Search-1: Remove features from high to low\n\nFrom the images we can conclude that there's a trade-off between test accuracy and runtime; higher accuracies demand more processing time. As the number of features increases, initially there's a spike in test accuracy, which stabilizes and then slightly drops after peaking. The runtime generally rises with the number of features, but with several fluctuations.Training accuracy is consistently higher than test accuracy, indicating potential overfitting with more features.\n\n## VarianceThreshold\n\nFrom the images, as test accuracies increase, runtime for training and evaluation generally rises. Using more features initially leads to fluctuating train-test accuracy differences, but stabilizes as features approach 1000. Overall accuracy for both training and test sets tends to increase with more features, despite some fluctuations. Training and evaluation time spikes around 200 features, then gradually decreases and remains relatively stable.\n\n## Naïve Bayes (NB) with Labeled Text Data\n\nWhen the model is trained, insert code to output the following information about the training and test set \n   * **Remember that the test set was NOT seen during the training process, and therefore \"test\" predictions show how the model does on new \"unseen\" data**\n\nOverfitting happens when a model performs well on training data but poorly on new, unseen data. Under-fitting is when a model performs badly on both. With a training accuracy of 74.49% and a testing accuracy of 49.39%, the model seems to be overfitting, as it's not generalizing well to the test data.\n\nThe model was trained on a dataset and achieved an accuracy of 74.49% on the training set, but only 49.39% on the test set. The first 20 predictions and their errors are provided for both sets, indicating how much each prediction deviated from the expected result.\n\n### Confusion matrix\n\nGasoline vehicles are most accurately predicted with 61 correct predictions.\nElectric vehicles are often misclassified as hybrid, with 34 such cases.\nHybrid vehicles have a relatively even misclassification spread between electric and gasoline, with 33 and 18 instances, respectively.\n\n### Compute distance matrix\n\nDistance between sentence vectors for a subset of data\n\n### PCA\n\nThe visualizations display data on vehicle types: electric, gasoline, and hybrid. The first two plots show the spread of data points in 2D and 3D, with each color representing a vehicle type. The third plot provides a pairwise comparison of data features, showcasing distributions and relationships between features for each vehicle type.\n\n# Record Data\n\n## Preparing Data for Naïve Bayes:\n\n# Feature selection for text data\n\nThe images show that as the number of features increases, test accuracy remains relatively constant while training accuracy is higher. The runtime for both training (blue) and evaluation (red) also increases, with evaluation time seeing a sharper rise at around 13.5 features.\n\n## Naïve Bayes (NB) with Labeled Record Data\n\nOverfitting is when a model performs well on training data but poorly on testing data Under-fitting is when a model performs poorly on both. This model has a training accuracy of 83.75% and a testing accuracy of 60%. This significant drop suggests the model might be overfitting since it's not generalizing well to unseen data.\n\nThe model achieved ~ 81.25% accuracy on the training set and 60% on the test set. The test set had 8 mislabeled points out of 20. The provided predictions for both sets show specific errors compared to the expected values.\n\n### Confusion matrix\n\nThe confusion matrix shows predictions for car brands. Most brands were correctly predicted with a 1.0 score, except for Ford, which was misclassified 50% of the time.\n\n### Compute distance matrix\n\nDistance between sentence vectors for a subset of data\n\nThis is a heatmap representing data values in a matrix format. The diagonal line suggests a correlation between corresponding x and y values. Color intensity indicates the magnitude of the data, with darker shades likely representing higher values and lighter shades representing lower values. The color bar on the right provides a reference for the data values.\n\n### PCA\n\nThe first image is a pair plot showing relationships between multiple variables, with histograms on the diagonal indicating distributions. The second image is a 2D scatter plot with points colored based on 'Make'. The third is a 3D scatter plot displaying data distribution in three dimensions, with points colored by categories.\n\n# Conclusion\n\nFor text and record data related t electric vehicles, the model is trained on the training dataset and then its accuracy is evaluated on both the training and testing datasets. The testing accuracy indicates how well the model performs on unseen data.\n\nThe project findings will be documented in a report with sections for introduction, methodology, results, and conclusions. Key findings will be visualized using charts and graphs. A summarized PowerPoint presentation can also be prepared by highlighting major insights and recommendations. More details surrounding machine learning classification preocdecures and methods will be added as well. Additionally the organizational flow of information presented on this page has room for improvement as well. \n\nSources used: <br>\n\nhttps://www.turing.com/kb/an-introduction-to-naive-bayes-algorithm-for-beginners <br>\nhttps://towardsdatascience.com/naive-bayes-classifier-explained-50f9723571ed#:~:text=Naive%20bayes%20is%20a%20supervised%20learning%20algorithm%20for%20classification%20so,x2%20%2C%20%E2%80%A6%20%2C%20xn)). <br>\nhttps://www.analyticsvidhya.com/blog/2017/09/naive-bayes-explained/#:~:text=In%20statistics%2C%20naive%20Bayes%20classifiers,data%20and%20some%20prior%20knowledge. <br>\n\n"},"formats":{"html":{"identifier":{"display-name":"HTML","target-format":"html","base-format":"html"},"execute":{"fig-width":7,"fig-height":5,"fig-format":"retina","fig-dpi":96,"df-print":"default","error":false,"eval":true,"cache":null,"freeze":false,"echo":true,"output":true,"warning":true,"include":true,"keep-md":false,"keep-ipynb":false,"ipynb":null,"enabled":false,"daemon":null,"daemon-restart":false,"debug":false,"ipynb-filters":[],"engine":"jupyter"},"render":{"keep-tex":false,"keep-source":false,"keep-hidden":false,"prefer-html":false,"output-divs":true,"output-ext":"html","fig-align":"default","fig-pos":null,"fig-env":null,"code-fold":"none","code-overflow":"scroll","code-link":false,"code-line-numbers":false,"code-tools":false,"tbl-colwidths":"auto","merge-includes":true,"inline-includes":false,"preserve-yaml":false,"latex-auto-mk":true,"latex-auto-install":true,"latex-clean":true,"latex-max-runs":10,"latex-makeindex":"makeindex","latex-makeindex-opts":[],"latex-tlmgr-opts":[],"latex-input-paths":[],"latex-output-dir":null,"link-external-icon":false,"link-external-newwindow":false,"self-contained-math":false,"format-resources":[],"notebook-links":true,"format-links":true},"pandoc":{"standalone":true,"wrap":"none","default-image-extension":"png","to":"html","toc":true,"output-file":"naive_bayes.html"},"language":{"toc-title-document":"Table of contents","toc-title-website":"On this page","related-formats-title":"Other Formats","related-notebooks-title":"Notebooks","source-notebooks-prefix":"Source","section-title-abstract":"Abstract","section-title-appendices":"Appendices","section-title-footnotes":"Footnotes","section-title-references":"References","section-title-reuse":"Reuse","section-title-copyright":"Copyright","section-title-citation":"Citation","appendix-attribution-cite-as":"For attribution, please cite this work as:","appendix-attribution-bibtex":"BibTeX citation:","title-block-author-single":"Author","title-block-author-plural":"Authors","title-block-affiliation-single":"Affiliation","title-block-affiliation-plural":"Affiliations","title-block-published":"Published","title-block-modified":"Modified","callout-tip-title":"Tip","callout-note-title":"Note","callout-warning-title":"Warning","callout-important-title":"Important","callout-caution-title":"Caution","code-summary":"Code","code-tools-menu-caption":"Code","code-tools-show-all-code":"Show All Code","code-tools-hide-all-code":"Hide All Code","code-tools-view-source":"View Source","code-tools-source-code":"Source Code","code-line":"Line","code-lines":"Lines","copy-button-tooltip":"Copy to Clipboard","copy-button-tooltip-success":"Copied!","repo-action-links-edit":"Edit this page","repo-action-links-source":"View source","repo-action-links-issue":"Report an issue","back-to-top":"Back to top","search-no-results-text":"No results","search-matching-documents-text":"matching documents","search-copy-link-title":"Copy link to search","search-hide-matches-text":"Hide additional matches","search-more-match-text":"more match in this document","search-more-matches-text":"more matches in this document","search-clear-button-title":"Clear","search-detached-cancel-button-title":"Cancel","search-submit-button-title":"Submit","search-label":"Search","toggle-section":"Toggle section","toggle-sidebar":"Toggle sidebar navigation","toggle-dark-mode":"Toggle dark mode","toggle-reader-mode":"Toggle reader mode","toggle-navigation":"Toggle navigation","crossref-fig-title":"Figure","crossref-tbl-title":"Table","crossref-lst-title":"Listing","crossref-thm-title":"Theorem","crossref-lem-title":"Lemma","crossref-cor-title":"Corollary","crossref-prp-title":"Proposition","crossref-cnj-title":"Conjecture","crossref-def-title":"Definition","crossref-exm-title":"Example","crossref-exr-title":"Exercise","crossref-ch-prefix":"Chapter","crossref-apx-prefix":"Appendix","crossref-sec-prefix":"Section","crossref-eq-prefix":"Equation","crossref-lof-title":"List of Figures","crossref-lot-title":"List of Tables","crossref-lol-title":"List of Listings","environment-proof-title":"Proof","environment-remark-title":"Remark","environment-solution-title":"Solution","listing-page-order-by":"Order By","listing-page-order-by-default":"Default","listing-page-order-by-date-asc":"Oldest","listing-page-order-by-date-desc":"Newest","listing-page-order-by-number-desc":"High to Low","listing-page-order-by-number-asc":"Low to High","listing-page-field-date":"Date","listing-page-field-title":"Title","listing-page-field-description":"Description","listing-page-field-author":"Author","listing-page-field-filename":"File Name","listing-page-field-filemodified":"Modified","listing-page-field-subtitle":"Subtitle","listing-page-field-readingtime":"Reading Time","listing-page-field-categories":"Categories","listing-page-minutes-compact":"{0} min","listing-page-category-all":"All","listing-page-no-matches":"No matching items"},"metadata":{"lang":"en","fig-responsive":true,"quarto-version":"1.3.450","theme":"cosmo","title":"Naïve Bayes"},"extensions":{"book":{"multiFile":true}}}},"projectFormats":["html"]}