{
    "Camry": [
        {
            "city_mpg": 18,
            "class": "midsize car",
            "combination_mpg": 21,
            "cylinders": 4,
            "displacement": 2.2,
            "drive": "fwd",
            "fuel_type": "gas",
            "highway_mpg": 26,
            "make": "toyota",
            "model": "camry",
            "transmission": "a",
            "year": 1993
        },
        {
            "city_mpg": 19,
            "class": "midsize car",
            "combination_mpg": 22,
            "cylinders": 4,
            "displacement": 2.2,
            "drive": "fwd",
            "fuel_type": "gas",
            "highway_mpg": 27,
            "make": "toyota",
            "model": "camry",
            "transmission": "m",
            "year": 1993
        },
        {
            "city_mpg": 16,
            "class": "midsize car",
            "combination_mpg": 19,
            "cylinders": 6,
            "displacement": 3.0,
            "drive": "fwd",
            "fuel_type": "gas",
            "highway_mpg": 22,
            "make": "toyota",
            "model": "camry",
            "transmission": "a",
            "year": 1993
        },
        {
            "city_mpg": 16,
            "class": "midsize car",
            "combination_mpg": 18,
            "cylinders": 6,
            "displacement": 3.0,
            "drive": "fwd",
            "fuel_type": "gas",
            "highway_mpg": 22,
            "make": "toyota",
            "model": "camry",
            "transmission": "m",
            "year": 1993
        },
        {
            "city_mpg": 18,
            "class": "midsize-large station wagon",
            "combination_mpg": 21,
            "cylinders": 4,
            "displacement": 2.2,
            "drive": "fwd",
            "fuel_type": "gas",
            "highway_mpg": 26,
            "make": "toyota",
            "model": "camry wagon",
            "transmission": "a",
            "year": 1993
        }
    ],
    "Corolla": [
        {
            "city_mpg": 23,
            "class": "compact car",
            "combination_mpg": 24,
            "cylinders": 4,
            "displacement": 1.6,
            "drive": "fwd",
            "fuel_type": "gas",
            "highway_mpg": 26,
            "make": "toyota",
            "model": "corolla",
            "transmission": "a",
            "year": 1993
        },
        {
            "city_mpg": 23,
            "class": "compact car",
            "combination_mpg": 26,
            "cylinders": 4,
            "displacement": 1.6,
            "drive": "fwd",
            "fuel_type": "gas",
            "highway_mpg": 31,
            "make": "toyota",
            "model": "corolla",
            "transmission": "m",
            "year": 1993
        },
        {
            "city_mpg": 23,
            "class": "compact car",
            "combination_mpg": 25,
            "cylinders": 4,
            "displacement": 1.8,
            "drive": "fwd",
            "fuel_type": "gas",
            "highway_mpg": 30,
            "make": "toyota",
            "model": "corolla",
            "transmission": "a",
            "year": 1993
        },
        {
            "city_mpg": 23,
            "class": "compact car",
            "combination_mpg": 26,
            "cylinders": 4,
            "displacement": 1.8,
            "drive": "fwd",
            "fuel_type": "gas",
            "highway_mpg": 30,
            "make": "toyota",
            "model": "corolla",
            "transmission": "m",
            "year": 1993
        },
        {
            "city_mpg": 23,
            "class": "small station wagon",
            "combination_mpg": 25,
            "cylinders": 4,
            "displacement": 1.8,
            "drive": "fwd",
            "fuel_type": "gas",
            "highway_mpg": 30,
            "make": "toyota",
            "model": "corolla wagon",
            "transmission": "a",
            "year": 1993
        }
    ],
    "RAV4": [
        {
            "city_mpg": 21,
            "class": "special purpose vehicle",
            "combination_mpg": 23,
            "cylinders": 4,
            "displacement": 2.0,
            "drive": "fwd",
            "fuel_type": "gas",
            "highway_mpg": 26,
            "make": "toyota",
            "model": "rav4 2wd",
            "transmission": "a",
            "year": 1996
        },
        {
            "city_mpg": 21,
            "class": "special purpose vehicle",
            "combination_mpg": 24,
            "cylinders": 4,
            "displacement": 2.0,
            "drive": "fwd",
            "fuel_type": "gas",
            "highway_mpg": 27,
            "make": "toyota",
            "model": "rav4 2wd",
            "transmission": "m",
            "year": 1996
        },
        {
            "city_mpg": 19,
            "class": "special purpose vehicle",
            "combination_mpg": 21,
            "cylinders": 4,
            "displacement": 2.0,
            "drive": "awd",
            "fuel_type": "gas",
            "highway_mpg": 24,
            "make": "toyota",
            "model": "rav4 4wd",
            "transmission": "a",
            "year": 1996
        },
        {
            "city_mpg": 19,
            "class": "special purpose vehicle",
            "combination_mpg": 21,
            "cylinders": 4,
            "displacement": 2.0,
            "drive": "awd",
            "fuel_type": "gas",
            "highway_mpg": 24,
            "make": "toyota",
            "model": "rav4 4wd",
            "transmission": "m",
            "year": 1996
        },
        {
            "city_mpg": 21,
            "class": "special purpose vehicle",
            "combination_mpg": 23,
            "cylinders": 4,
            "displacement": 2.0,
            "drive": "fwd",
            "fuel_type": "gas",
            "highway_mpg": 26,
            "make": "toyota",
            "model": "rav4 2wd",
            "transmission": "a",
            "year": 1997
        }
    ],
    "Model S": [
        {
            "city_mpg": 88,
            "class": "large car",
            "combination_mpg": 89,
            "drive": "rwd",
            "fuel_type": "electricity",
            "highway_mpg": 90,
            "make": "tesla",
            "model": "model s",
            "transmission": "a",
            "year": 2012
        },
        {
            "city_mpg": 94,
            "class": "large car",
            "combination_mpg": 95,
            "drive": "rwd",
            "fuel_type": "electricity",
            "highway_mpg": 97,
            "make": "tesla",
            "model": "model s (60 kw-hr battery pack)",
            "transmission": "a",
            "year": 2013
        },
        {
            "city_mpg": 88,
            "class": "large car",
            "combination_mpg": 89,
            "drive": "rwd",
            "fuel_type": "electricity",
            "highway_mpg": 90,
            "make": "tesla",
            "model": "model s (85 kw-hr battery pack)",
            "transmission": "a",
            "year": 2013
        },
        {
            "city_mpg": 93,
            "class": "large car",
            "combination_mpg": 94,
            "drive": "rwd",
            "fuel_type": "electricity",
            "highway_mpg": 96,
            "make": "tesla",
            "model": "model s (40 kw-hr battery pack)",
            "transmission": "a",
            "year": 2013
        },
        {
            "city_mpg": 88,
            "class": "large car",
            "combination_mpg": 89,
            "drive": "rwd",
            "fuel_type": "electricity",
            "highway_mpg": 90,
            "make": "tesla",
            "model": "model s (85 kw-hr battery pack)",
            "transmission": "a",
            "year": 2014
        }
    ],
    "Model 3": [
        {
            "city_mpg": 131,
            "class": "midsize car",
            "combination_mpg": 126,
            "drive": "rwd",
            "fuel_type": "electricity",
            "highway_mpg": 120,
            "make": "tesla",
            "model": "model 3 long range",
            "transmission": "a",
            "year": 2017
        },
        {
            "city_mpg": 136,
            "class": "midsize car",
            "combination_mpg": 130,
            "drive": "rwd",
            "fuel_type": "electricity",
            "highway_mpg": 123,
            "make": "tesla",
            "model": "model 3 long range",
            "transmission": "a",
            "year": 2018
        },
        {
            "city_mpg": 120,
            "class": "midsize car",
            "combination_mpg": 116,
            "drive": "awd",
            "fuel_type": "electricity",
            "highway_mpg": 112,
            "make": "tesla",
            "model": "model 3 long range  awd",
            "transmission": "a",
            "year": 2018
        },
        {
            "city_mpg": 120,
            "class": "midsize car",
            "combination_mpg": 116,
            "drive": "awd",
            "fuel_type": "electricity",
            "highway_mpg": 112,
            "make": "tesla",
            "model": "model 3 long range  awd performance",
            "transmission": "a",
            "year": 2018
        },
        {
            "city_mpg": 128,
            "class": "midsize car",
            "combination_mpg": 123,
            "drive": "rwd",
            "fuel_type": "electricity",
            "highway_mpg": 117,
            "make": "tesla",
            "model": "model 3 mid range",
            "transmission": "a",
            "year": 2018
        }
    ],
    "Model X": [
        {
            "city_mpg": 90,
            "class": "standard sport utility vehicle",
            "combination_mpg": 92,
            "drive": "awd",
            "fuel_type": "electricity",
            "highway_mpg": 94,
            "make": "tesla",
            "model": "model x awd - 90d",
            "transmission": "a",
            "year": 2016
        },
        {
            "city_mpg": 89,
            "class": "standard sport utility vehicle",
            "combination_mpg": 89,
            "drive": "awd",
            "fuel_type": "electricity",
            "highway_mpg": 90,
            "make": "tesla",
            "model": "model x awd - p90d",
            "transmission": "a",
            "year": 2016
        },
        {
            "city_mpg": 91,
            "class": "standard sport utility vehicle",
            "combination_mpg": 93,
            "drive": "awd",
            "fuel_type": "electricity",
            "highway_mpg": 95,
            "make": "tesla",
            "model": "model x awd - 75d",
            "transmission": "a",
            "year": 2016
        },
        {
            "city_mpg": 91,
            "class": "standard sport utility vehicle",
            "combination_mpg": 93,
            "drive": "awd",
            "fuel_type": "electricity",
            "highway_mpg": 94,
            "make": "tesla",
            "model": "model x awd - 60d",
            "transmission": "a",
            "year": 2016
        },
        {
            "city_mpg": 81,
            "class": "standard sport utility vehicle",
            "combination_mpg": 86,
            "drive": "awd",
            "fuel_type": "electricity",
            "highway_mpg": 92,
            "make": "tesla",
            "model": "model x awd - p100d",
            "transmission": "a",
            "year": 2016
        }
    ],
    "Ram 1500": [
        {
            "city_mpg": 14,
            "class": "standard pickup truck",
            "combination_mpg": 15,
            "cylinders": 6,
            "displacement": 3.9,
            "drive": "rwd",
            "fuel_type": "gas",
            "highway_mpg": 17,
            "make": "dodge",
            "model": "ram 1500 pickup 2wd",
            "transmission": "a",
            "year": 1994
        },
        {
            "city_mpg": 15,
            "class": "standard pickup truck",
            "combination_mpg": 17,
            "cylinders": 6,
            "displacement": 3.9,
            "drive": "rwd",
            "fuel_type": "gas",
            "highway_mpg": 19,
            "make": "dodge",
            "model": "ram 1500 pickup 2wd",
            "transmission": "m",
            "year": 1994
        },
        {
            "city_mpg": 12,
            "class": "standard pickup truck",
            "combination_mpg": 13,
            "cylinders": 8,
            "displacement": 5.2,
            "drive": "rwd",
            "fuel_type": "gas",
            "highway_mpg": 16,
            "make": "dodge",
            "model": "ram 1500 pickup 2wd",
            "transmission": "a",
            "year": 1994
        },
        {
            "city_mpg": 12,
            "class": "standard pickup truck",
            "combination_mpg": 14,
            "cylinders": 8,
            "displacement": 5.2,
            "drive": "rwd",
            "fuel_type": "gas",
            "highway_mpg": 17,
            "make": "dodge",
            "model": "ram 1500 pickup 2wd",
            "transmission": "m",
            "year": 1994
        },
        {
            "city_mpg": 11,
            "class": "standard pickup truck",
            "combination_mpg": 12,
            "cylinders": 8,
            "displacement": 5.9,
            "drive": "rwd",
            "fuel_type": "gas",
            "highway_mpg": 15,
            "make": "dodge",
            "model": "ram 1500 pickup 2wd",
            "transmission": "a",
            "year": 1994
        }
    ],
    "Jeep Wrangler": [],
    "Fiat 500": [],
    "Chevrolet Silverado": [],
    "GMC Sierra": [],
    "Cadillac Escalade": [],
    "Altima": [
        {
            "city_mpg": 19,
            "class": "compact car",
            "combination_mpg": 21,
            "cylinders": 4,
            "displacement": 2.4,
            "drive": "fwd",
            "fuel_type": "gas",
            "highway_mpg": 26,
            "make": "nissan",
            "model": "altima / stanza",
            "transmission": "a",
            "year": 1994
        },
        {
            "city_mpg": 21,
            "class": "compact car",
            "combination_mpg": 24,
            "cylinders": 4,
            "displacement": 2.4,
            "drive": "fwd",
            "fuel_type": "gas",
            "highway_mpg": 28,
            "make": "nissan",
            "model": "altima / stanza",
            "transmission": "m",
            "year": 1994
        },
        {
            "city_mpg": 18,
            "class": "compact car",
            "combination_mpg": 21,
            "cylinders": 4,
            "displacement": 2.4,
            "drive": "fwd",
            "fuel_type": "gas",
            "highway_mpg": 26,
            "make": "nissan",
            "model": "altima / stanza",
            "transmission": "a",
            "year": 1995
        },
        {
            "city_mpg": 21,
            "class": "compact car",
            "combination_mpg": 24,
            "cylinders": 4,
            "displacement": 2.4,
            "drive": "fwd",
            "fuel_type": "gas",
            "highway_mpg": 28,
            "make": "nissan",
            "model": "altima / stanza",
            "transmission": "m",
            "year": 1995
        },
        {
            "city_mpg": 18,
            "class": "compact car",
            "combination_mpg": 21,
            "cylinders": 4,
            "displacement": 2.4,
            "drive": "fwd",
            "fuel_type": "gas",
            "highway_mpg": 26,
            "make": "nissan",
            "model": "altima / stanza",
            "transmission": "a",
            "year": 1996
        }
    ],
    "Rogue": [
        {
            "city_mpg": 22,
            "class": "sport utility vehicle",
            "combination_mpg": 24,
            "cylinders": 4,
            "displacement": 2.5,
            "drive": "fwd",
            "fuel_type": "gas",
            "highway_mpg": 27,
            "make": "nissan",
            "model": "rogue fwd",
            "transmission": "a",
            "year": 2008
        },
        {
            "city_mpg": 21,
            "class": "sport utility vehicle",
            "combination_mpg": 23,
            "cylinders": 4,
            "displacement": 2.5,
            "drive": "awd",
            "fuel_type": "gas",
            "highway_mpg": 26,
            "make": "nissan",
            "model": "rogue awd",
            "transmission": "a",
            "year": 2008
        },
        {
            "city_mpg": 22,
            "class": "sport utility vehicle",
            "combination_mpg": 24,
            "cylinders": 4,
            "displacement": 2.5,
            "drive": "fwd",
            "fuel_type": "gas",
            "highway_mpg": 27,
            "make": "nissan",
            "model": "rogue fwd",
            "transmission": "a",
            "year": 2009
        },
        {
            "city_mpg": 21,
            "class": "sport utility vehicle",
            "combination_mpg": 23,
            "cylinders": 4,
            "displacement": 2.5,
            "drive": "awd",
            "fuel_type": "gas",
            "highway_mpg": 26,
            "make": "nissan",
            "model": "rogue awd",
            "transmission": "a",
            "year": 2009
        },
        {
            "city_mpg": 22,
            "class": "sport utility vehicle",
            "combination_mpg": 24,
            "cylinders": 4,
            "displacement": 2.5,
            "drive": "fwd",
            "fuel_type": "gas",
            "highway_mpg": 27,
            "make": "nissan",
            "model": "rogue fwd",
            "transmission": "a",
            "year": 2010
        }
    ],
    "Leaf": [
        {
            "city_mpg": 106,
            "class": "midsize car",
            "combination_mpg": 99,
            "drive": "fwd",
            "fuel_type": "electricity",
            "highway_mpg": 92,
            "make": "nissan",
            "model": "leaf",
            "transmission": "a",
            "year": 2011
        },
        {
            "city_mpg": 106,
            "class": "midsize car",
            "combination_mpg": 99,
            "drive": "fwd",
            "fuel_type": "electricity",
            "highway_mpg": 92,
            "make": "nissan",
            "model": "leaf",
            "transmission": "a",
            "year": 2012
        },
        {
            "city_mpg": 129,
            "class": "midsize car",
            "combination_mpg": 115,
            "drive": "fwd",
            "fuel_type": "electricity",
            "highway_mpg": 102,
            "make": "nissan",
            "model": "leaf",
            "transmission": "a",
            "year": 2013
        },
        {
            "city_mpg": 126,
            "class": "midsize car",
            "combination_mpg": 114,
            "drive": "fwd",
            "fuel_type": "electricity",
            "highway_mpg": 101,
            "make": "nissan",
            "model": "leaf",
            "transmission": "a",
            "year": 2014
        },
        {
            "city_mpg": 126,
            "class": "midsize car",
            "combination_mpg": 114,
            "drive": "fwd",
            "fuel_type": "electricity",
            "highway_mpg": 101,
            "make": "nissan",
            "model": "leaf",
            "transmission": "a",
            "year": 2015
        }
    ],
    "C-Class": [],
    "E-Class": [],
    "S-Class": [],
    "3 Series": [
        {
            "city_mpg": 18,
            "class": "subcompact car",
            "combination_mpg": 20,
            "cylinders": 6,
            "displacement": 2.7,
            "drive": "rwd",
            "fuel_type": "gas",
            "highway_mpg": 25,
            "make": "bmw",
            "model": "3 series",
            "transmission": "a",
            "year": 1986
        },
        {
            "city_mpg": 19,
            "class": "subcompact car",
            "combination_mpg": 21,
            "cylinders": 6,
            "displacement": 2.7,
            "drive": "rwd",
            "fuel_type": "gas",
            "highway_mpg": 26,
            "make": "bmw",
            "model": "3 series",
            "transmission": "m",
            "year": 1986
        },
        {
            "city_mpg": 21,
            "class": "subcompact car",
            "combination_mpg": 23,
            "cylinders": 4,
            "displacement": 1.8,
            "fuel_type": "gas",
            "highway_mpg": 24,
            "make": "bmw",
            "model": "3 series",
            "transmission": "a",
            "year": 1984
        },
        {
            "city_mpg": 21,
            "class": "subcompact car",
            "combination_mpg": 24,
            "cylinders": 4,
            "displacement": 1.8,
            "fuel_type": "gas",
            "highway_mpg": 27,
            "make": "bmw",
            "model": "3 series",
            "transmission": "m",
            "year": 1984
        },
        {
            "city_mpg": 18,
            "class": "subcompact car",
            "combination_mpg": 20,
            "cylinders": 6,
            "displacement": 2.7,
            "fuel_type": "gas",
            "highway_mpg": 25,
            "make": "bmw",
            "model": "3 series",
            "transmission": "a",
            "year": 1984
        }
    ],
    "X5": [
        {
            "city_mpg": 12,
            "class": "sport utility vehicle",
            "combination_mpg": 14,
            "cylinders": 8,
            "displacement": 4.4,
            "drive": "rwd",
            "fuel_type": "gas",
            "highway_mpg": 16,
            "make": "bmw",
            "model": "x5",
            "transmission": "a",
            "year": 2000
        },
        {
            "city_mpg": 14,
            "class": "sport utility vehicle",
            "combination_mpg": 16,
            "cylinders": 6,
            "displacement": 3.0,
            "drive": "awd",
            "fuel_type": "gas",
            "highway_mpg": 19,
            "make": "bmw",
            "model": "x5",
            "transmission": "m",
            "year": 2001
        },
        {
            "city_mpg": 14,
            "class": "sport utility vehicle",
            "combination_mpg": 16,
            "cylinders": 6,
            "displacement": 3.0,
            "drive": "awd",
            "fuel_type": "gas",
            "highway_mpg": 19,
            "make": "bmw",
            "model": "x5",
            "transmission": "m",
            "year": 2001
        },
        {
            "city_mpg": 14,
            "class": "sport utility vehicle",
            "combination_mpg": 16,
            "cylinders": 6,
            "displacement": 3.0,
            "drive": "awd",
            "fuel_type": "gas",
            "highway_mpg": 19,
            "make": "bmw",
            "model": "x5",
            "transmission": "a",
            "year": 2001
        },
        {
            "city_mpg": 14,
            "class": "sport utility vehicle",
            "combination_mpg": 16,
            "cylinders": 6,
            "displacement": 3.0,
            "drive": "awd",
            "fuel_type": "gas",
            "highway_mpg": 19,
            "make": "bmw",
            "model": "x5",
            "transmission": "a",
            "year": 2001
        }
    ],
    "i3": [
        {
            "city_mpg": 18,
            "class": "midsize car",
            "combination_mpg": 21,
            "cylinders": 6,
            "displacement": 3.0,
            "drive": "fwd",
            "fuel_type": "gas",
            "highway_mpg": 26,
            "make": "infiniti",
            "model": "i30",
            "transmission": "a",
            "year": 1996
        },
        {
            "city_mpg": 19,
            "class": "midsize car",
            "combination_mpg": 21,
            "cylinders": 6,
            "displacement": 3.0,
            "drive": "fwd",
            "fuel_type": "gas",
            "highway_mpg": 24,
            "make": "infiniti",
            "model": "i30",
            "transmission": "m",
            "year": 1996
        },
        {
            "city_mpg": 18,
            "class": "midsize car",
            "combination_mpg": 21,
            "cylinders": 6,
            "displacement": 3.0,
            "drive": "fwd",
            "fuel_type": "gas",
            "highway_mpg": 26,
            "make": "infiniti",
            "model": "i30",
            "transmission": "a",
            "year": 1997
        },
        {
            "city_mpg": 19,
            "class": "midsize car",
            "combination_mpg": 21,
            "cylinders": 6,
            "displacement": 3.0,
            "drive": "fwd",
            "fuel_type": "gas",
            "highway_mpg": 24,
            "make": "infiniti",
            "model": "i30",
            "transmission": "m",
            "year": 1997
        },
        {
            "city_mpg": 18,
            "class": "midsize car",
            "combination_mpg": 21,
            "cylinders": 6,
            "displacement": 3.0,
            "drive": "fwd",
            "fuel_type": "gas",
            "highway_mpg": 25,
            "make": "infiniti",
            "model": "i30",
            "transmission": "a",
            "year": 1998
        }
    ],
    "911": [
        {
            "city_mpg": 15,
            "class": "two seater",
            "combination_mpg": 17,
            "cylinders": 6,
            "displacement": 3.6,
            "drive": "rwd",
            "fuel_type": "gas",
            "highway_mpg": 22,
            "make": "porsche",
            "model": "911 carrera 4/2",
            "transmission": "a",
            "year": 1994
        },
        {
            "city_mpg": 15,
            "class": "two seater",
            "combination_mpg": 18,
            "cylinders": 6,
            "displacement": 3.6,
            "drive": "rwd",
            "fuel_type": "gas",
            "highway_mpg": 23,
            "make": "porsche",
            "model": "911 carrera 4/2",
            "transmission": "m",
            "year": 1994
        },
        {
            "city_mpg": 14,
            "class": "two seater",
            "combination_mpg": 16,
            "cylinders": 6,
            "displacement": 3.6,
            "drive": "awd",
            "fuel_type": "gas",
            "highway_mpg": 21,
            "make": "porsche",
            "model": "911 carrera 4/2",
            "transmission": "m",
            "year": 1994
        },
        {
            "city_mpg": 15,
            "class": "minicompact car",
            "combination_mpg": 17,
            "cylinders": 6,
            "displacement": 3.6,
            "drive": "rwd",
            "fuel_type": "gas",
            "highway_mpg": 22,
            "make": "porsche",
            "model": "911 carrera 4/2",
            "transmission": "a",
            "year": 1994
        },
        {
            "city_mpg": 14,
            "class": "minicompact car",
            "combination_mpg": 16,
            "cylinders": 6,
            "displacement": 3.6,
            "drive": "awd",
            "fuel_type": "gas",
            "highway_mpg": 21,
            "make": "porsche",
            "model": "911 carrera 4/2",
            "transmission": "m",
            "year": 1994
        }
    ],
    "Cayenne": [
        {
            "city_mpg": 12,
            "class": "special purpose vehicle",
            "combination_mpg": 14,
            "cylinders": 8,
            "displacement": 4.5,
            "drive": "awd",
            "fuel_type": "gas",
            "highway_mpg": 17,
            "make": "porsche",
            "model": "cayenne s",
            "transmission": "a",
            "year": 2003
        },
        {
            "city_mpg": 12,
            "class": "special purpose vehicle",
            "combination_mpg": 14,
            "cylinders": 8,
            "displacement": 4.5,
            "drive": "awd",
            "fuel_type": "gas",
            "highway_mpg": 17,
            "make": "porsche",
            "model": "cayenne turbo",
            "transmission": "a",
            "year": 2003
        },
        {
            "city_mpg": 14,
            "class": "sport utility vehicle",
            "combination_mpg": 15,
            "cylinders": 6,
            "displacement": 3.2,
            "drive": "awd",
            "fuel_type": "gas",
            "highway_mpg": 18,
            "make": "porsche",
            "model": "cayenne",
            "transmission": "a",
            "year": 2004
        },
        {
            "city_mpg": 12,
            "class": "sport utility vehicle",
            "combination_mpg": 14,
            "cylinders": 8,
            "displacement": 4.5,
            "drive": "awd",
            "fuel_type": "gas",
            "highway_mpg": 17,
            "make": "porsche",
            "model": "cayenne s",
            "transmission": "a",
            "year": 2004
        },
        {
            "city_mpg": 12,
            "class": "sport utility vehicle",
            "combination_mpg": 14,
            "cylinders": 8,
            "displacement": 4.5,
            "drive": "awd",
            "fuel_type": "gas",
            "highway_mpg": 17,
            "make": "porsche",
            "model": "cayenne turbo",
            "transmission": "a",
            "year": 2004
        }
    ],
    "Taycan": [
        {
            "city_mpg": 68,
            "class": "large car",
            "combination_mpg": 69,
            "drive": "awd",
            "fuel_type": "electricity",
            "highway_mpg": 71,
            "make": "porsche",
            "model": "taycan turbo",
            "transmission": "a",
            "year": 2020
        },
        {
            "city_mpg": 67,
            "class": "large car",
            "combination_mpg": 68,
            "drive": "awd",
            "fuel_type": "electricity",
            "highway_mpg": 68,
            "make": "porsche",
            "model": "taycan turbo s",
            "transmission": "a",
            "year": 2020
        },
        {
            "city_mpg": 68,
            "class": "large car",
            "combination_mpg": 69,
            "drive": "awd",
            "fuel_type": "electricity",
            "highway_mpg": 71,
            "make": "porsche",
            "model": "taycan 4s perf battery plus",
            "transmission": "a",
            "year": 2020
        },
        {
            "city_mpg": 79,
            "class": "large car",
            "combination_mpg": 79,
            "drive": "awd",
            "fuel_type": "electricity",
            "highway_mpg": 80,
            "make": "porsche",
            "model": "taycan 4s perf battery",
            "transmission": "a",
            "year": 2021
        },
        {
            "city_mpg": 75,
            "class": "large car",
            "combination_mpg": 77,
            "drive": "awd",
            "fuel_type": "electricity",
            "highway_mpg": 81,
            "make": "porsche",
            "model": "taycan 4s perf battery plus",
            "transmission": "a",
            "year": 2021
        }
    ]
}