0,1,2,3
the verge,andrew j hawkins,google wants to be at the center of all your climate change decisions,2023-10-10T11:00:00Z
the verge,umar shakir,gas station convenience stores might survive the ev future with help from these chargers,2023-10-05T00:28:16Z
engadget,malak saleh,honda's adorable '80s microscooter is back and electrified for the 21st century,2023-09-14T13:00:10Z
engadget,will shanklin,"honda's first all-electric suv has 300-mile range and starts in the 'upper $40,000s'",2023-09-28T18:31:46Z
the verge,umar shakir,"kias three-row ev9 electric suv will start at $54,900",2023-09-28T00:26:45Z
the verge,andrew j hawkins,hyundais future evs will also have teslas ev charging port,2023-10-05T12:05:00Z
ars technica,jonathan m gitlin,ford pauses work on $35 billion battery factory in michigan,2023-09-25T21:30:53Z
slashdotorg,editordavid,has america passed the 'tipping point' for purchasing electric vehicles?,2023-09-24T16:34:00Z
the verge,andrew j hawkins,"ev buyers will get an instant rebate of as much as $7,500 starting in 2024",2023-10-06T16:14:44Z
time,justin worland,why trump is talking about electric vehicles,2023-09-28T15:14:03Z
engadget,cheyenne macdonald,"the us electrical grid is in desperate need of upgrades, watchdog warns",2023-09-26T22:45:54Z
business insider,"rebecca cohen,jessica orwig",scientists found a massive lithium deposit inside an ancient us volcano that could be a game-changer for american clean energy but spell disaster for native americans,2023-09-14T03:11:54Z
business insider,tim levin,honda's weird new suitcase-shaped scooter is a throwback to one of its coolest vehicles of all time,2023-09-17T11:55:01Z
the verge,umar shakir,teslas new car-building process could be a huge industrial breakthrough,2023-09-14T17:44:11Z
slashdotorg,beauhd,air force receives its first electric air taxi,2023-09-27T00:45:00Z
npr,camila domonoske,why the transition to electric cars looms large in uaw talks with big 3 automakers,2023-09-13T09:01:00Z
business insider,alexa st john,"buying a luxury car? your gas and ev options cost about the same otherwise, expect to pay nearly $16,000 more to go electric",2023-10-04T14:57:47Z
slashdotorg,beauhd,nissan to go all-electric by 2030 despite uk's petrol ban delay,2023-09-29T10:00:00Z
harvard business review,,how ai can help cut energy costs while meeting ambitious esg goals - sponsor content from schneider electric,2023-09-12T17:00:18Z
npr,camila domonoske,"uaw once again expands its historic strike, hitting two of the big 3 automakers",2023-09-29T14:58:35Z
business insider,tim levin,aoc says she'll trade in her tesla for a union-made ev her options are slim,2023-09-25T18:23:10Z
autoblog,insider,the uaw strike and the inexorable math of electric vehicles,2023-09-18T20:15:00Z
business insider,nora naughton,"current uaw demands could increase ev prices up to $5,000 — and 'torpedo' ford and gm's business model, analyst says",2023-09-27T14:17:45Z
business insider,"alexa st john,nora naughton",the new f-150 and 8 other cool things we saw at the detroit auto show,2023-09-16T10:20:06Z
the next web,thomas macaulay,first demo vehicle from ‘factory in a box heralds new production model for evs,2023-10-08T23:01:54Z
makeuseof,alex ramos,the 8 most luxurious electric vehicles,2023-09-22T13:45:25Z
abc news,teddy grant,"hundreds of flying taxis to be built in ohio, governor announces",2023-09-19T01:34:29Z
abc news,the associated press,"eligible electric, plug-in vehicle buyers will get us tax credits immediately in 2024",2023-10-06T14:16:50Z
business insider,associated press,biden will join striking auto workers on the picket line in detroit — the first time a sitting us president has done so,2023-09-26T15:47:18Z
ars technica,jonathan m gitlin,hyundai is switching to tesla-style nacs plugs for its evs in late 2024,2023-10-05T12:05:12Z
business insider,tim levin,"i compared tesla rivals from kia, hyundai, and genesis — and found the decision boils down to if you prefer style, luxury, or performance",2023-09-15T12:36:28Z
gizmodocom,angely mercado,"carbon capture tech hype is fizzling out, iea says",2023-09-26T20:20:00Z
business insider,nora naughton,ford and gm workers already make $20 more an hour than tesla employees their union's demands would double that gap,2023-09-18T18:09:30Z
uncratecom,uncrate,munro series m electric suv,2023-10-04T16:00:00Z
business insider,pete syme,chinese ev subsidies will be investigated by eu over concerns they're distorting the market with cheaper prices,2023-09-13T10:20:04Z
business insider,"bryan metzger,nora naughton",'just shut your mouth:' populist republicans back uaw workers' demands while slamming union leadership,2023-09-26T16:47:47Z
business insider,catherine boudreau,"we already have the tools we need to fight the climate crisis — but a 'green transition' will still take time, 5 sustainability leaders say",2023-10-11T19:21:37Z
autoblog,jonathon ramsey,next-gen bmw m3 on neue klasse platform will be battery-electric in 2027,2023-09-18T13:03:00Z
business insider,tim levin,a tesla sedan drag raced a $4 million bugatti — the results were surprisingly close,2023-09-20T16:10:57Z
cnet,dan avery,ev cars could soon cost the same as gas guzzlers as battery prices plummet - cnet,2023-09-20T21:50:00Z
marketwatch,steve goldstein,: ford attacks potential uk government backtracking on net-zero commitments,2023-09-20T08:43:00Z
npr,danielle kaye,why the uaw is fighting so hard for these 4 key demands in the auto strike,2023-09-20T09:00:26Z
autoblog,jonathon ramsey,current mercedes-benz g-class reportedly ends production in january,2023-09-23T17:45:00Z
autoblog,jeremy korzeniewski,are a growing number of us ditching suvs and trucks for electric cars?,2023-10-02T17:36:00Z
autoblog,james riswick,2024 porsche macan electric preview: next-gen in every possible way,2023-10-09T22:00:00Z
business insider,tim levin,"tesla's new, cheaper model y is one of the best deals you can get on an ev right now",2023-10-04T12:14:52Z
autoblog,ronan glon,volkswagen plans entry-level electric crossover for 2026,2023-10-02T13:40:00Z
uncratecom,uncrate,alpha nightwolf electric truck,2023-10-11T23:38:39Z
ars technica,jonathan m gitlin,hyundai hurries to finish factory in georgia to meet us ev demand,2023-09-20T15:24:47Z
business insider,kwan wei kevin tan,"elon musk's biographer says musk has 'multiple' personalities — he can be 'brutal,' and also 'frightening and inspiring all at once'",2023-09-12T02:54:11Z
npr,scott horsley,how the uaw strike could have ripple effects across the economy,2023-09-16T11:27:49Z
digital trends,dave mcquilling,the bmw i7 m70 is an electric limousine that does supercar speeds,2023-10-03T18:42:12Z
motaclaritycouk,,uk government extends petrol and diesel car sales until 2035,2023-09-22T18:22:44Z
abc news,the associated press,macron to unveil latest plan for meeting climate-related goals in the coming years,2023-09-25T11:50:07Z
autoblog,ben hsu,subaru teases electric sports car ahead of tokyo reveal,2023-10-10T18:46:00Z
teslanorthcom,,"tesla secures over €148m to build 7,200 chargers in eu",2023-09-13T20:06:33Z
9to5mac,chance miller,these are the best carplay apps for ev owners,2023-10-06T21:12:09Z
cnet,dan avery,biden administration provides $100 million to fix and replace broken ev chargers - cnet,2023-09-13T23:59:00Z
autoblog,jeremy korzeniewski,volvo ditches the diesel engine,2023-09-19T17:10:00Z
dnyuzcom,new york times,battle over electric vehicles,2023-09-16T13:13:36Z
autoblog,joel stocksdale,suzuki reveals cute compacts and wild mobility concepts for tokyo,2023-10-11T21:20:00Z
autoblog,stephen williams,the 'tipping point' for wide ev adoption has arrived now what?,2023-09-20T18:00:00Z
marketwatch,tomi kilgore,: nios stock rises toward 5-day win streak as q3 deliveries jump 75%,2023-10-02T10:54:00Z
ars technica,jonathan m gitlin,the 2023 toyota prius prime is a mostly pleasant plug-in hybrid,2023-10-11T16:47:27Z
business insider,associated press,striking auto workers target 38 new gm and stellantis plants as strike enters second week,2023-09-22T14:59:30Z
boing boing,jason weisberger,"attacking uaw leadership, trump still begs for the union's endorsement",2023-09-28T19:58:28Z
reuters,nick carey,volvo to cease production of diesel cars in a few months,2023-09-21T20:24:24Z
cowboystatedailycom,kevin killough,ev battery factory will require so much energy it needs a coal plant to power it,2023-10-02T17:14:14Z
autoblog,reuters,"toyota and lg sign battery deal, invest $3 billion in us plant",2023-10-05T12:12:00Z
slashdotorg,beauhd,tesla reinvents carmaking with quiet breakthrough,2023-09-14T22:30:00Z
autoblog,reuters,tesla's china-made ev sales volume falls 109%,2023-10-09T13:36:00Z
business insider,phil rosen,"it's the beginning of the end for global oil demand, iea chief says",2023-09-12T15:32:25Z
business insider,jennifer sor,tesla's stock price target gets cut by deutsche bank as the ev maker faces 'considerable downside risk' to 2024 earnings,2023-09-27T19:24:55Z
autoblog,stephen williams,alfa's upcoming ev sports car poised as a 4c spider successor — the 4e?,2023-09-27T21:24:00Z
autoblog,bloomberg,americas high ev costs are driving buyers to hybrids,2023-10-07T19:00:00Z
autoblog,reuters,"as prices fall, two thirds of global car sales could be evs by 2030, study predicts",2023-09-16T13:00:00Z
autoblog,reuters,"gm, stellantis would be hit hardest with $95 billion in fuel economy fines, industry group says",2023-10-02T19:29:00Z
autoblog,jonathon ramsey,"next porsche panamera to get new hybrid, upgraded suspension",2023-09-18T18:15:00Z
jalopnik,bradley brownell,evs might not cost a butt load soon,2023-09-21T15:25:46Z
npr,camila domonoske,why this fight is so personal for the uaw workers on strike,2023-10-04T09:00:46Z
search engine journal,matt g southern,"google search gets new tools to surface ev & energy info via @sejournal, @mattgsouthern",2023-10-10T20:02:20Z
autoblog,greg migliore,"nactoy reveals the ‘best of 2024 cars, trucks and suvs",2023-09-13T15:07:00Z
autoblog,byron hurd,spy photos capture sporty nissan ariya ev prototype testing at the 'ring,2023-09-20T16:17:00Z
autoblog,insider,parts of tesla's supercharger network are open to any car — but short charging cables are causing chaos,2023-09-18T19:15:00Z
al jazeera english,al jazeera,eu launches probes into chinese subsidies for electric vehicles,2023-09-14T01:51:52Z
yanko design,gaurav sood,nissan 20-23 concept is an electric hot hatch for city speed demons,2023-09-26T14:10:14Z
time,sibi arasu / ap,soaring solar power and ev sales gives hope for hitting 15°c global warming target,2023-09-26T14:13:30Z
readwrite,frank landman,8 creative ways to make big money in tech,2023-10-02T17:00:41Z
autoblog,jonathon ramsey,rivian r1t fender benders can turn into $40k repair bills,2023-10-04T13:34:00Z
jalopnik,owen bellwood,watch the worlds fastest accelerating electric car hit 62 mph in under a second,2023-09-12T13:55:00Z
fast company,adele peters,fossil fuels are everywhere how quickly could we actually phase them out?,2023-09-25T05:00:00Z
time,eric cortellessa,trumps message in michigan: hes looking past his gop rivals,2023-09-28T03:35:18Z
time,william horobin and ania nussbaum / bloomberg,macron is pushing europe into $900 billion fight with china,2023-09-26T09:40:13Z
autoblog,insider,chinese ev subsidies will be investigated by eu over concerns they're distorting the market with cheaper prices,2023-09-16T18:00:00Z
cool hunting,michael frank,"ford, volkswagen and mini spice up the ev segment",2023-09-19T21:10:26Z
business insider,tim levin,i watched youtube in a self-driving mercedes and experienced the future of commuting,2023-09-28T09:00:02Z
jalopnik,bradley brownell,more automakers are angry the united kingdom's ev backpedaling,2023-09-25T18:38:05Z
yanko design,gaurav sood,"the future of ev camping gets a reboot with camp365s model t, your ultimate electric pickup camper",2023-10-07T23:30:06Z
theregistercom,brandon vigliarolo,"ford, bmw, honda to steer bidirectional ev charging standard",2023-09-13T19:15:05Z
autoblog,associated press,battery plants: 'the make-or-break issue' in the us autoworkers strike,2023-10-10T15:56:00Z
