{"title":"DSAN-5100","markdown":{"yaml":{"title":"DSAN-5100"},"containsRefs":false,"markdown":"\n\nSee the following link for more information about the author: [about me](../../index.html)\n\nThis is a Quarto website.\n\nTo learn more about Quarto websites visit <https://quarto.org/docs/websites>.\n\n`HIGHLY RECOMMENDED` \n\n* It is `highly recommended` that you build your website using `.ipynb` files and NOT `.qmd`files\n* Functionally the two formats are basically identical, i.e. they are just `Markdown` + `Code` \n* However there is `ONE MAJOR DIFFERENCE`, i.e. `.ipynb` stores the code outputs in the meta-data of the file\n  * This means you `ONLY HAVE TO RUN THE CODE ONCE` with `.ipynb`\n  * `.qmd` will run the code every time you build the website, which can be very slow\n    * There are `caching` options for `.qmd`, however, they are \"messier\" that just using `.ipynb`\n  * **Note**: `.qmd` is fine if there is no code, in which case it is basically just a `Markdown` file\n* Converting between the two\n  * You can switch between the two formats using \n  * `quarto convert clustering.qmd` this will output a `.ipynb` version called `clustering.ipynb`\n  * `quarto convert eda.ipynb` this will output a `.qmd` version called `eda.qmd`\n* YOU CAN RUN `R CODE` IN VSC WITH `.ipynb`, see the following link \n  * [https://saturncloud.io/blog/how-to-use-jupyter-r-kernel-with-visual-studio-code/](https://saturncloud.io/blog/how-to-use-jupyter-r-kernel-with-visual-studio-code/)\n* It is possible, but `NOT RECOMMENDED`, to mix Python and R code in the same file\n\n\n`IMPORTANT ASIDE`\n\n*  A `.ipynb` file is simply a `JSON` file with a specialized structural format\n*  You can see this by running `more eda/eda.ipynb` from the command line\n* Which will output the following;    \n    ![](images/2023-08-23-09-39-14.png){width=500}\n\n`TIP FOR MAC USERS`\n\n* `command+control+shift+4` is very useful on a mac. \n  * It takes a screenshot and saves it to the clip-board \n* The following VSC extension allows you to paste images from the clip-board with `alt+command+v`.    \n    ![](images/2023-08-23-09-35-05.png){width=300}\n* `tab` is your best friend when using the command line, since it does `auto-completion` \n* `open ./path_to_file` will open any file or directory from the command line \n","srcMarkdownNoYaml":"\n\nSee the following link for more information about the author: [about me](../../index.html)\n\nThis is a Quarto website.\n\nTo learn more about Quarto websites visit <https://quarto.org/docs/websites>.\n\n`HIGHLY RECOMMENDED` \n\n* It is `highly recommended` that you build your website using `.ipynb` files and NOT `.qmd`files\n* Functionally the two formats are basically identical, i.e. they are just `Markdown` + `Code` \n* However there is `ONE MAJOR DIFFERENCE`, i.e. `.ipynb` stores the code outputs in the meta-data of the file\n  * This means you `ONLY HAVE TO RUN THE CODE ONCE` with `.ipynb`\n  * `.qmd` will run the code every time you build the website, which can be very slow\n    * There are `caching` options for `.qmd`, however, they are \"messier\" that just using `.ipynb`\n  * **Note**: `.qmd` is fine if there is no code, in which case it is basically just a `Markdown` file\n* Converting between the two\n  * You can switch between the two formats using \n  * `quarto convert clustering.qmd` this will output a `.ipynb` version called `clustering.ipynb`\n  * `quarto convert eda.ipynb` this will output a `.qmd` version called `eda.qmd`\n* YOU CAN RUN `R CODE` IN VSC WITH `.ipynb`, see the following link \n  * [https://saturncloud.io/blog/how-to-use-jupyter-r-kernel-with-visual-studio-code/](https://saturncloud.io/blog/how-to-use-jupyter-r-kernel-with-visual-studio-code/)\n* It is possible, but `NOT RECOMMENDED`, to mix Python and R code in the same file\n\n\n`IMPORTANT ASIDE`\n\n*  A `.ipynb` file is simply a `JSON` file with a specialized structural format\n*  You can see this by running `more eda/eda.ipynb` from the command line\n* Which will output the following;    \n    ![](images/2023-08-23-09-39-14.png){width=500}\n\n`TIP FOR MAC USERS`\n\n* `command+control+shift+4` is very useful on a mac. \n  * It takes a screenshot and saves it to the clip-board \n* The following VSC extension allows you to paste images from the clip-board with `alt+command+v`.    \n    ![](images/2023-08-23-09-35-05.png){width=300}\n* `tab` is your best friend when using the command line, since it does `auto-completion` \n* `open ./path_to_file` will open any file or directory from the command line \n"},"formats":{"html":{"identifier":{"display-name":"HTML","target-format":"html","base-format":"html"},"execute":{"fig-width":7,"fig-height":5,"fig-format":"retina","fig-dpi":96,"df-print":"default","error":false,"eval":true,"cache":null,"freeze":false,"echo":true,"output":true,"warning":true,"include":true,"keep-md":false,"keep-ipynb":false,"ipynb":null,"enabled":null,"daemon":null,"daemon-restart":false,"debug":false,"ipynb-filters":[],"engine":"markdown"},"render":{"keep-tex":false,"keep-source":false,"keep-hidden":false,"prefer-html":false,"output-divs":true,"output-ext":"html","fig-align":"default","fig-pos":null,"fig-env":null,"code-fold":"none","code-overflow":"scroll","code-link":false,"code-line-numbers":false,"code-tools":false,"tbl-colwidths":"auto","merge-includes":true,"inline-includes":false,"preserve-yaml":false,"latex-auto-mk":true,"latex-auto-install":true,"latex-clean":true,"latex-max-runs":10,"latex-makeindex":"makeindex","latex-makeindex-opts":[],"latex-tlmgr-opts":[],"latex-input-paths":[],"latex-output-dir":null,"link-external-icon":false,"link-external-newwindow":false,"self-contained-math":false,"format-resources":[],"notebook-links":true,"format-links":true},"pandoc":{"standalone":true,"wrap":"none","default-image-extension":"png","to":"html","toc":true,"output-file":"index.html"},"language":{"toc-title-document":"Table of contents","toc-title-website":"On this page","related-formats-title":"Other Formats","related-notebooks-title":"Notebooks","source-notebooks-prefix":"Source","section-title-abstract":"Abstract","section-title-appendices":"Appendices","section-title-footnotes":"Footnotes","section-title-references":"References","section-title-reuse":"Reuse","section-title-copyright":"Copyright","section-title-citation":"Citation","appendix-attribution-cite-as":"For attribution, please cite this work as:","appendix-attribution-bibtex":"BibTeX citation:","title-block-author-single":"Author","title-block-author-plural":"Authors","title-block-affiliation-single":"Affiliation","title-block-affiliation-plural":"Affiliations","title-block-published":"Published","title-block-modified":"Modified","callout-tip-title":"Tip","callout-note-title":"Note","callout-warning-title":"Warning","callout-important-title":"Important","callout-caution-title":"Caution","code-summary":"Code","code-tools-menu-caption":"Code","code-tools-show-all-code":"Show All Code","code-tools-hide-all-code":"Hide All Code","code-tools-view-source":"View Source","code-tools-source-code":"Source Code","code-line":"Line","code-lines":"Lines","copy-button-tooltip":"Copy to Clipboard","copy-button-tooltip-success":"Copied!","repo-action-links-edit":"Edit this page","repo-action-links-source":"View source","repo-action-links-issue":"Report an issue","back-to-top":"Back to top","search-no-results-text":"No results","search-matching-documents-text":"matching documents","search-copy-link-title":"Copy link to search","search-hide-matches-text":"Hide additional matches","search-more-match-text":"more match in this document","search-more-matches-text":"more matches in this document","search-clear-button-title":"Clear","search-detached-cancel-button-title":"Cancel","search-submit-button-title":"Submit","search-label":"Search","toggle-section":"Toggle section","toggle-sidebar":"Toggle sidebar navigation","toggle-dark-mode":"Toggle dark mode","toggle-reader-mode":"Toggle reader mode","toggle-navigation":"Toggle navigation","crossref-fig-title":"Figure","crossref-tbl-title":"Table","crossref-lst-title":"Listing","crossref-thm-title":"Theorem","crossref-lem-title":"Lemma","crossref-cor-title":"Corollary","crossref-prp-title":"Proposition","crossref-cnj-title":"Conjecture","crossref-def-title":"Definition","crossref-exm-title":"Example","crossref-exr-title":"Exercise","crossref-ch-prefix":"Chapter","crossref-apx-prefix":"Appendix","crossref-sec-prefix":"Section","crossref-eq-prefix":"Equation","crossref-lof-title":"List of Figures","crossref-lot-title":"List of Tables","crossref-lol-title":"List of Listings","environment-proof-title":"Proof","environment-remark-title":"Remark","environment-solution-title":"Solution","listing-page-order-by":"Order By","listing-page-order-by-default":"Default","listing-page-order-by-date-asc":"Oldest","listing-page-order-by-date-desc":"Newest","listing-page-order-by-number-desc":"High to Low","listing-page-order-by-number-asc":"Low to High","listing-page-field-date":"Date","listing-page-field-title":"Title","listing-page-field-description":"Description","listing-page-field-author":"Author","listing-page-field-filename":"File Name","listing-page-field-filemodified":"Modified","listing-page-field-subtitle":"Subtitle","listing-page-field-readingtime":"Reading Time","listing-page-field-categories":"Categories","listing-page-minutes-compact":"{0} min","listing-page-category-all":"All","listing-page-no-matches":"No matching items"},"metadata":{"lang":"en","fig-responsive":true,"quarto-version":"1.3.450","theme":"cosmo","title":"DSAN-5100"},"extensions":{"book":{"multiFile":true}}}},"projectFormats":["html"]}