{
    "Washington": {
        "CO": {
            "concentration": 634.19,
            "aqi": 7
        },
        "NO2": {
            "concentration": 77.46,
            "aqi": 96
        },
        "O3": {
            "concentration": 0.76,
            "aqi": 0
        },
        "SO2": {
            "concentration": 4.05,
            "aqi": 5
        },
        "PM2.5": {
            "concentration": 15.93,
            "aqi": 51
        },
        "PM10": {
            "concentration": 19.89,
            "aqi": 18
        },
        "overall_aqi": 96
    },
    "Arlington": {
        "CO": {
            "concentration": 263.69,
            "aqi": 2
        },
        "NO2": {
            "concentration": 9.17,
            "aqi": 11
        },
        "O3": {
            "concentration": 84.4,
            "aqi": 123
        },
        "SO2": {
            "concentration": 3.07,
            "aqi": 4
        },
        "PM2.5": {
            "concentration": 11.68,
            "aqi": 37
        },
        "PM10": {
            "concentration": 12.86,
            "aqi": 11
        },
        "overall_aqi": 123
    },
    "Alexandria": {
        "CO": {
            "concentration": 220.3,
            "aqi": 2
        },
        "NO2": {
            "concentration": 0.75,
            "aqi": 0
        },
        "O3": {
            "concentration": 85.83,
            "aqi": 127
        },
        "SO2": {
            "concentration": 2.62,
            "aqi": 3
        },
        "PM2.5": {
            "concentration": 39.78,
            "aqi": 98
        },
        "PM10": {
            "concentration": 215.43,
            "aqi": 130
        },
        "overall_aqi": 130
    },
    "Fairfax": {
        "CO": {
            "concentration": 580.79,
            "aqi": 6
        },
        "NO2": {
            "concentration": 75.4,
            "aqi": 94
        },
        "O3": {
            "concentration": 2.3,
            "aqi": 1
        },
        "SO2": {
            "concentration": 3.55,
            "aqi": 5
        },
        "PM2.5": {
            "concentration": 15.25,
            "aqi": 49
        },
        "PM10": {
            "concentration": 19.79,
            "aqi": 18
        },
        "overall_aqi": 94
    },
    "Rockville": {
        "CO": {
            "concentration": 447.27,
            "aqi": 5
        },
        "NO2": {
            "concentration": 56.21,
            "aqi": 70
        },
        "O3": {
            "concentration": 14.13,
            "aqi": 11
        },
        "SO2": {
            "concentration": 4.41,
            "aqi": 6
        },
        "PM2.5": {
            "concentration": 10.67,
            "aqi": 34
        },
        "PM10": {
            "concentration": 14.02,
            "aqi": 12
        },
        "overall_aqi": 70
    },
    "Bethesda": {
        "CO": {
            "concentration": 634.19,
            "aqi": 7
        },
        "NO2": {
            "concentration": 77.46,
            "aqi": 96
        },
        "O3": {
            "concentration": 0.76,
            "aqi": 0
        },
        "SO2": {
            "concentration": 4.05,
            "aqi": 5
        },
        "PM2.5": {
            "concentration": 15.93,
            "aqi": 51
        },
        "PM10": {
            "concentration": 19.89,
            "aqi": 18
        },
        "overall_aqi": 96
    },
    "Silver Spring": {
        "CO": {
            "concentration": 634.19,
            "aqi": 7
        },
        "NO2": {
            "concentration": 77.46,
            "aqi": 96
        },
        "O3": {
            "concentration": 0.76,
            "aqi": 0
        },
        "SO2": {
            "concentration": 4.05,
            "aqi": 5
        },
        "PM2.5": {
            "concentration": 15.93,
            "aqi": 51
        },
        "PM10": {
            "concentration": 19.89,
            "aqi": 18
        },
        "overall_aqi": 96
    },
    "Reston": {
        "CO": {
            "concentration": 580.79,
            "aqi": 6
        },
        "NO2": {
            "concentration": 75.4,
            "aqi": 94
        },
        "O3": {
            "concentration": 2.3,
            "aqi": 1
        },
        "SO2": {
            "concentration": 3.55,
            "aqi": 5
        },
        "PM2.5": {
            "concentration": 15.25,
            "aqi": 49
        },
        "PM10": {
            "concentration": 19.79,
            "aqi": 18
        },
        "overall_aqi": 94
    },
    "Frederick": {
        "CO": {
            "concentration": 360.49,
            "aqi": 4
        },
        "NO2": {
            "concentration": 21.76,
            "aqi": 27
        },
        "O3": {
            "concentration": 40.05,
            "aqi": 33
        },
        "SO2": {
            "concentration": 1.07,
            "aqi": 1
        },
        "PM2.5": {
            "concentration": 5.54,
            "aqi": 17
        },
        "PM10": {
            "concentration": 7.44,
            "aqi": 6
        },
        "overall_aqi": 33
    },
    "Gaithersburg": {
        "CO": {
            "concentration": 447.27,
            "aqi": 5
        },
        "NO2": {
            "concentration": 56.21,
            "aqi": 70
        },
        "O3": {
            "concentration": 14.13,
            "aqi": 11
        },
        "SO2": {
            "concentration": 4.41,
            "aqi": 6
        },
        "PM2.5": {
            "concentration": 10.67,
            "aqi": 34
        },
        "PM10": {
            "concentration": 14.02,
            "aqi": 12
        },
        "overall_aqi": 70
    },
    "Annapolis": {
        "CO": {
            "concentration": 453.95,
            "aqi": 5
        },
        "NO2": {
            "concentration": 40.44,
            "aqi": 50
        },
        "O3": {
            "concentration": 28.61,
            "aqi": 24
        },
        "SO2": {
            "concentration": 5.13,
            "aqi": 7
        },
        "PM2.5": {
            "concentration": 8.39,
            "aqi": 27
        },
        "PM10": {
            "concentration": 13.23,
            "aqi": 12
        },
        "overall_aqi": 50
    },
    "Bowie": {
        "CO": {
            "concentration": 487.33,
            "aqi": 5
        },
        "NO2": {
            "concentration": 59.63,
            "aqi": 74
        },
        "O3": {
            "concentration": 5.63,
            "aqi": 4
        },
        "SO2": {
            "concentration": 2.12,
            "aqi": 3
        },
        "PM2.5": {
            "concentration": 8.25,
            "aqi": 26
        },
        "PM10": {
            "concentration": 13.78,
            "aqi": 12
        },
        "overall_aqi": 74
    },
    "College Park": {
        "CO": {
            "concentration": 627.52,
            "aqi": 7
        },
        "NO2": {
            "concentration": 62.38,
            "aqi": 77
        },
        "O3": {
            "concentration": 0.11,
            "aqi": 0
        },
        "SO2": {
            "concentration": 3.22,
            "aqi": 4
        },
        "PM2.5": {
            "concentration": 14.62,
            "aqi": 47
        },
        "PM10": {
            "concentration": 19.05,
            "aqi": 17
        },
        "overall_aqi": 77
    },
    "Greenbelt": {
        "CO": {
            "concentration": 453.95,
            "aqi": 5
        },
        "NO2": {
            "concentration": 58.26,
            "aqi": 72
        },
        "O3": {
            "concentration": 12.16,
            "aqi": 10
        },
        "SO2": {
            "concentration": 5.72,
            "aqi": 8
        },
        "PM2.5": {
            "concentration": 9.18,
            "aqi": 29
        },
        "PM10": {
            "concentration": 13.78,
            "aqi": 12
        },
        "overall_aqi": 72
    },
    "Laurel": {
        "CO": {
            "concentration": 267.03,
            "aqi": 3
        },
        "NO2": {
            "concentration": 8.48,
            "aqi": 10
        },
        "O3": {
            "concentration": 24.68,
            "aqi": 20
        },
        "SO2": {
            "concentration": 0.12,
            "aqi": 0
        },
        "PM2.5": {
            "concentration": 10.52,
            "aqi": 34
        },
        "PM10": {
            "concentration": 13.7,
            "aqi": 12
        },
        "overall_aqi": 34
    },
    "Cumberland": {
        "CO": {
            "concentration": 260.35,
            "aqi": 2
        },
        "NO2": {
            "concentration": 4.88,
            "aqi": 6
        },
        "O3": {
            "concentration": 69.38,
            "aqi": 82
        },
        "SO2": {
            "concentration": 0.78,
            "aqi": 1
        },
        "PM2.5": {
            "concentration": 2.44,
            "aqi": 7
        },
        "PM10": {
            "concentration": 2.85,
            "aqi": 2
        },
        "overall_aqi": 82
    },
    "Hagerstown": {
        "CO": {
            "concentration": 323.77,
            "aqi": 3
        },
        "NO2": {
            "concentration": 16.11,
            "aqi": 20
        },
        "O3": {
            "concentration": 50.07,
            "aqi": 42
        },
        "SO2": {
            "concentration": 0.45,
            "aqi": 0
        },
        "PM2.5": {
            "concentration": 4.72,
            "aqi": 15
        },
        "PM10": {
            "concentration": 5.92,
            "aqi": 5
        },
        "overall_aqi": 42
    },
    "Salisbury": {
        "CO": {
            "concentration": 250.34,
            "aqi": 2
        },
        "NO2": {
            "concentration": 16.28,
            "aqi": 20
        },
        "O3": {
            "concentration": 22.17,
            "aqi": 18
        },
        "SO2": {
            "concentration": 1.51,
            "aqi": 2
        },
        "PM2.5": {
            "concentration": 6.13,
            "aqi": 19
        },
        "PM10": {
            "concentration": 7.19,
            "aqi": 6
        },
        "overall_aqi": 20
    },
    "Westminster": {
        "CO": {
            "concentration": 337.12,
            "aqi": 3
        },
        "NO2": {
            "concentration": 43.87,
            "aqi": 54
        },
        "O3": {
            "concentration": 0.02,
            "aqi": 0
        },
        "SO2": {
            "concentration": 5.6,
            "aqi": 8
        },
        "PM2.5": {
            "concentration": 12.65,
            "aqi": 41
        },
        "PM10": {
            "concentration": 14.4,
            "aqi": 13
        },
        "overall_aqi": 54
    },
    "Hyattsville": {
        "CO": {
            "concentration": 627.52,
            "aqi": 7
        },
        "NO2": {
            "concentration": 62.38,
            "aqi": 77
        },
        "O3": {
            "concentration": 0.11,
            "aqi": 0
        },
        "SO2": {
            "concentration": 3.22,
            "aqi": 4
        },
        "PM2.5": {
            "concentration": 14.62,
            "aqi": 47
        },
        "PM10": {
            "concentration": 19.05,
            "aqi": 17
        },
        "overall_aqi": 77
    },
    "Takoma Park": {
        "CO": {
            "concentration": 634.19,
            "aqi": 7
        },
        "NO2": {
            "concentration": 77.46,
            "aqi": 96
        },
        "O3": {
            "concentration": 0.76,
            "aqi": 0
        },
        "SO2": {
            "concentration": 4.05,
            "aqi": 5
        },
        "PM2.5": {
            "concentration": 15.93,
            "aqi": 51
        },
        "PM10": {
            "concentration": 19.89,
            "aqi": 18
        },
        "overall_aqi": 96
    },
    "Chevy Chase": {
        "CO": {
            "concentration": 634.19,
            "aqi": 7
        },
        "NO2": {
            "concentration": 77.46,
            "aqi": 96
        },
        "O3": {
            "concentration": 0.76,
            "aqi": 0
        },
        "SO2": {
            "concentration": 4.05,
            "aqi": 5
        },
        "PM2.5": {
            "concentration": 15.93,
            "aqi": 51
        },
        "PM10": {
            "concentration": 19.89,
            "aqi": 18
        },
        "overall_aqi": 96
    },
    "Kensington": {
        "CO": {
            "concentration": 337.12,
            "aqi": 3
        },
        "NO2": {
            "concentration": 43.87,
            "aqi": 54
        },
        "O3": {
            "concentration": 0.02,
            "aqi": 0
        },
        "SO2": {
            "concentration": 5.6,
            "aqi": 8
        },
        "PM2.5": {
            "concentration": 12.65,
            "aqi": 41
        },
        "PM10": {
            "concentration": 14.4,
            "aqi": 13
        },
        "overall_aqi": 54
    },
    "Poolesville": {
        "CO": {
            "concentration": 407.22,
            "aqi": 4
        },
        "NO2": {
            "concentration": 38.39,
            "aqi": 47
        },
        "O3": {
            "concentration": 26.82,
            "aqi": 22
        },
        "SO2": {
            "concentration": 1.42,
            "aqi": 2
        },
        "PM2.5": {
            "concentration": 10.43,
            "aqi": 33
        },
        "PM10": {
            "concentration": 13.02,
            "aqi": 12
        },
        "overall_aqi": 47
    },
    "Bladensburg": {
        "CO": {
            "concentration": 627.52,
            "aqi": 7
        },
        "NO2": {
            "concentration": 62.38,
            "aqi": 77
        },
        "O3": {
            "concentration": 0.11,
            "aqi": 0
        },
        "SO2": {
            "concentration": 3.22,
            "aqi": 4
        },
        "PM2.5": {
            "concentration": 14.62,
            "aqi": 47
        },
        "PM10": {
            "concentration": 19.05,
            "aqi": 17
        },
        "overall_aqi": 77
    },
    "Mount Rainier": {
        "CO": {
            "concentration": 627.52,
            "aqi": 7
        },
        "NO2": {
            "concentration": 62.38,
            "aqi": 77
        },
        "O3": {
            "concentration": 0.11,
            "aqi": 0
        },
        "SO2": {
            "concentration": 3.22,
            "aqi": 4
        },
        "PM2.5": {
            "concentration": 14.62,
            "aqi": 47
        },
        "PM10": {
            "concentration": 19.05,
            "aqi": 17
        },
        "overall_aqi": 77
    },
    "Riverdale Park": {
        "CO": {
            "concentration": 627.52,
            "aqi": 7
        },
        "NO2": {
            "concentration": 62.38,
            "aqi": 77
        },
        "O3": {
            "concentration": 0.11,
            "aqi": 0
        },
        "SO2": {
            "concentration": 3.22,
            "aqi": 4
        },
        "PM2.5": {
            "concentration": 14.62,
            "aqi": 47
        },
        "PM10": {
            "concentration": 19.05,
            "aqi": 17
        },
        "overall_aqi": 77
    },
    "Berwyn Heights": {
        "CO": {
            "concentration": 627.52,
            "aqi": 7
        },
        "NO2": {
            "concentration": 62.38,
            "aqi": 77
        },
        "O3": {
            "concentration": 0.11,
            "aqi": 0
        },
        "SO2": {
            "concentration": 3.22,
            "aqi": 4
        },
        "PM2.5": {
            "concentration": 14.62,
            "aqi": 47
        },
        "PM10": {
            "concentration": 19.05,
            "aqi": 17
        },
        "overall_aqi": 77
    },
    "New Carrollton": {
        "CO": {
            "concentration": 627.52,
            "aqi": 7
        },
        "NO2": {
            "concentration": 62.38,
            "aqi": 77
        },
        "O3": {
            "concentration": 0.11,
            "aqi": 0
        },
        "SO2": {
            "concentration": 3.22,
            "aqi": 4
        },
        "PM2.5": {
            "concentration": 14.62,
            "aqi": 47
        },
        "PM10": {
            "concentration": 19.05,
            "aqi": 17
        },
        "overall_aqi": 77
    },
    "Glenarden": {
        "CO": {
            "concentration": 627.52,
            "aqi": 7
        },
        "NO2": {
            "concentration": 62.38,
            "aqi": 77
        },
        "O3": {
            "concentration": 0.11,
            "aqi": 0
        },
        "SO2": {
            "concentration": 3.22,
            "aqi": 4
        },
        "PM2.5": {
            "concentration": 14.62,
            "aqi": 47
        },
        "PM10": {
            "concentration": 19.05,
            "aqi": 17
        },
        "overall_aqi": 77
    },
    "Brentwood": {
        "CO": {
            "concentration": 280.38,
            "aqi": 3
        },
        "NO2": {
            "concentration": 9,
            "aqi": 11
        },
        "O3": {
            "concentration": 62.94,
            "aqi": 62
        },
        "SO2": {
            "concentration": 0.7,
            "aqi": 1
        },
        "PM2.5": {
            "concentration": 3.97,
            "aqi": 12
        },
        "PM10": {
            "concentration": 9.75,
            "aqi": 9
        },
        "overall_aqi": 62
    },
    "Capitol Heights": {
        "CO": {
            "concentration": 627.52,
            "aqi": 7
        },
        "NO2": {
            "concentration": 62.38,
            "aqi": 77
        },
        "O3": {
            "concentration": 0.11,
            "aqi": 0
        },
        "SO2": {
            "concentration": 3.22,
            "aqi": 4
        },
        "PM2.5": {
            "concentration": 14.62,
            "aqi": 47
        },
        "PM10": {
            "concentration": 19.05,
            "aqi": 17
        },
        "overall_aqi": 77
    },
    "Colmar Manor": {
        "CO": {
            "concentration": 627.52,
            "aqi": 7
        },
        "NO2": {
            "concentration": 62.38,
            "aqi": 77
        },
        "O3": {
            "concentration": 0.11,
            "aqi": 0
        },
        "SO2": {
            "concentration": 3.22,
            "aqi": 4
        },
        "PM2.5": {
            "concentration": 14.62,
            "aqi": 47
        },
        "PM10": {
            "concentration": 19.05,
            "aqi": 17
        },
        "overall_aqi": 77
    },
    "Cottage City": {
        "CO": {
            "concentration": 627.52,
            "aqi": 7
        },
        "NO2": {
            "concentration": 62.38,
            "aqi": 77
        },
        "O3": {
            "concentration": 0.11,
            "aqi": 0
        },
        "SO2": {
            "concentration": 3.22,
            "aqi": 4
        },
        "PM2.5": {
            "concentration": 14.62,
            "aqi": 47
        },
        "PM10": {
            "concentration": 19.05,
            "aqi": 17
        },
        "overall_aqi": 77
    },
    "Cheverly": {
        "CO": {
            "concentration": 627.52,
            "aqi": 7
        },
        "NO2": {
            "concentration": 62.38,
            "aqi": 77
        },
        "O3": {
            "concentration": 0.11,
            "aqi": 0
        },
        "SO2": {
            "concentration": 3.22,
            "aqi": 4
        },
        "PM2.5": {
            "concentration": 14.62,
            "aqi": 47
        },
        "PM10": {
            "concentration": 19.05,
            "aqi": 17
        },
        "overall_aqi": 77
    },
    "Edmonston": {
        "CO": {
            "concentration": 627.52,
            "aqi": 7
        },
        "NO2": {
            "concentration": 62.38,
            "aqi": 77
        },
        "O3": {
            "concentration": 0.11,
            "aqi": 0
        },
        "SO2": {
            "concentration": 3.22,
            "aqi": 4
        },
        "PM2.5": {
            "concentration": 14.62,
            "aqi": 47
        },
        "PM10": {
            "concentration": 19.05,
            "aqi": 17
        },
        "overall_aqi": 77
    },
    "Fairmount Heights": {
        "CO": {
            "concentration": 627.52,
            "aqi": 7
        },
        "NO2": {
            "concentration": 62.38,
            "aqi": 77
        },
        "O3": {
            "concentration": 0.11,
            "aqi": 0
        },
        "SO2": {
            "concentration": 3.22,
            "aqi": 4
        },
        "PM2.5": {
            "concentration": 14.62,
            "aqi": 47
        },
        "PM10": {
            "concentration": 19.05,
            "aqi": 17
        },
        "overall_aqi": 77
    },
    "Forest Heights": {
        "CO": {
            "concentration": 270.37,
            "aqi": 3
        },
        "NO2": {
            "concentration": 6.68,
            "aqi": 8
        },
        "O3": {
            "concentration": 59.37,
            "aqi": 51
        },
        "SO2": {
            "concentration": 1.01,
            "aqi": 1
        },
        "PM2.5": {
            "concentration": 0.72,
            "aqi": 2
        },
        "PM10": {
            "concentration": 1.11,
            "aqi": 1
        },
        "overall_aqi": 51
    },
    "Landover Hills": {
        "CO": {
            "concentration": 627.52,
            "aqi": 7
        },
        "NO2": {
            "concentration": 62.38,
            "aqi": 77
        },
        "O3": {
            "concentration": 0.11,
            "aqi": 0
        },
        "SO2": {
            "concentration": 3.22,
            "aqi": 4
        },
        "PM2.5": {
            "concentration": 14.62,
            "aqi": 47
        },
        "PM10": {
            "concentration": 19.05,
            "aqi": 17
        },
        "overall_aqi": 77
    },
    "Morningside": {
        "CO": {
            "concentration": 310.42,
            "aqi": 3
        },
        "NO2": {
            "concentration": 60.32,
            "aqi": 75
        },
        "O3": {
            "concentration": 0.13,
            "aqi": 0
        },
        "SO2": {
            "concentration": 19.31,
            "aqi": 28
        },
        "PM2.5": {
            "concentration": 10.71,
            "aqi": 34
        },
        "PM10": {
            "concentration": 12.28,
            "aqi": 11
        },
        "overall_aqi": 75
    },
    "North Brentwood": {
        "CO": {
            "concentration": 627.52,
            "aqi": 7
        },
        "NO2": {
            "concentration": 62.38,
            "aqi": 77
        },
        "O3": {
            "concentration": 0.11,
            "aqi": 0
        },
        "SO2": {
            "concentration": 3.22,
            "aqi": 4
        },
        "PM2.5": {
            "concentration": 14.62,
            "aqi": 47
        },
        "PM10": {
            "concentration": 19.05,
            "aqi": 17
        },
        "overall_aqi": 77
    },
    "Seat Pleasant": {
        "CO": {
            "concentration": 627.52,
            "aqi": 7
        },
        "NO2": {
            "concentration": 62.38,
            "aqi": 77
        },
        "O3": {
            "concentration": 0.11,
            "aqi": 0
        },
        "SO2": {
            "concentration": 3.22,
            "aqi": 4
        },
        "PM2.5": {
            "concentration": 14.62,
            "aqi": 47
        },
        "PM10": {
            "concentration": 19.05,
            "aqi": 17
        },
        "overall_aqi": 77
    },
    "University Park": {
        "CO": {
            "concentration": 607.49,
            "aqi": 6
        },
        "NO2": {
            "concentration": 51.41,
            "aqi": 64
        },
        "O3": {
            "concentration": 0.87,
            "aqi": 0
        },
        "SO2": {
            "concentration": 3.28,
            "aqi": 4
        },
        "PM2.5": {
            "concentration": 11.07,
            "aqi": 35
        },
        "PM10": {
            "concentration": 23.07,
            "aqi": 21
        },
        "overall_aqi": 64
    },
    "Upper Marlboro": {
        "CO": {
            "concentration": 487.33,
            "aqi": 5
        },
        "NO2": {
            "concentration": 59.63,
            "aqi": 74
        },
        "O3": {
            "concentration": 5.63,
            "aqi": 4
        },
        "SO2": {
            "concentration": 2.12,
            "aqi": 3
        },
        "PM2.5": {
            "concentration": 8.25,
            "aqi": 26
        },
        "PM10": {
            "concentration": 13.78,
            "aqi": 12
        },
        "overall_aqi": 74
    },
    "Vienna": {
        "CO": {
            "concentration": 253.68,
            "aqi": 2
        },
        "NO2": {
            "concentration": 3.9,
            "aqi": 4
        },
        "O3": {
            "concentration": 49.35,
            "aqi": 41
        },
        "SO2": {
            "concentration": 0.34,
            "aqi": 0
        },
        "PM2.5": {
            "concentration": 0.78,
            "aqi": 2
        },
        "PM10": {
            "concentration": 1.22,
            "aqi": 1
        },
        "overall_aqi": 41
    },
    "Falls Church": {
        "CO": {
            "concentration": 634.19,
            "aqi": 7
        },
        "NO2": {
            "concentration": 77.46,
            "aqi": 96
        },
        "O3": {
            "concentration": 0.76,
            "aqi": 0
        },
        "SO2": {
            "concentration": 4.05,
            "aqi": 5
        },
        "PM2.5": {
            "concentration": 15.93,
            "aqi": 51
        },
        "PM10": {
            "concentration": 19.89,
            "aqi": 18
        },
        "overall_aqi": 96
    },
    "Manassas": {
        "CO": {
            "concentration": 514.03,
            "aqi": 5
        },
        "NO2": {
            "concentration": 58.26,
            "aqi": 72
        },
        "O3": {
            "concentration": 11.27,
            "aqi": 9
        },
        "SO2": {
            "concentration": 1.83,
            "aqi": 2
        },
        "PM2.5": {
            "concentration": 14.58,
            "aqi": 47
        },
        "PM10": {
            "concentration": 19.06,
            "aqi": 17
        },
        "overall_aqi": 72
    },
    "Leesburg": {
        "CO": {
            "concentration": 257.02,
            "aqi": 2
        },
        "NO2": {
            "concentration": 2.36,
            "aqi": 2
        },
        "O3": {
            "concentration": 70.81,
            "aqi": 86
        },
        "SO2": {
            "concentration": 0.29,
            "aqi": 0
        },
        "PM2.5": {
            "concentration": 7.02,
            "aqi": 22
        },
        "PM10": {
            "concentration": 8.41,
            "aqi": 7
        },
        "overall_aqi": 86
    },
    "Herndon": {
        "CO": {
            "concentration": 240.33,
            "aqi": 2
        },
        "NO2": {
            "concentration": 3.13,
            "aqi": 3
        },
        "O3": {
            "concentration": 62.94,
            "aqi": 62
        },
        "SO2": {
            "concentration": 0.2,
            "aqi": 0
        },
        "PM2.5": {
            "concentration": 1.79,
            "aqi": 5
        },
        "PM10": {
            "concentration": 2.05,
            "aqi": 1
        },
        "overall_aqi": 62
    },
    "Purcellville": {
        "CO": {
            "concentration": 340.46,
            "aqi": 3
        },
        "NO2": {
            "concentration": 19.71,
            "aqi": 24
        },
        "O3": {
            "concentration": 43.63,
            "aqi": 36
        },
        "SO2": {
            "concentration": 1.33,
            "aqi": 1
        },
        "PM2.5": {
            "concentration": 7.16,
            "aqi": 23
        },
        "PM10": {
            "concentration": 8.82,
            "aqi": 8
        },
        "overall_aqi": 36
    },
    "Warrenton": {
        "CO": {
            "concentration": 387.19,
            "aqi": 4
        },
        "NO2": {
            "concentration": 28.1,
            "aqi": 35
        },
        "O3": {
            "concentration": 32.54,
            "aqi": 27
        },
        "SO2": {
            "concentration": 0.97,
            "aqi": 1
        },
        "PM2.5": {
            "concentration": 10.17,
            "aqi": 33
        },
        "PM10": {
            "concentration": 12.21,
            "aqi": 11
        },
        "overall_aqi": 35
    },
    "Culpeper": {
        "CO": {
            "concentration": 333.79,
            "aqi": 3
        },
        "NO2": {
            "concentration": 13.37,
            "aqi": 16
        },
        "O3": {
            "concentration": 39.7,
            "aqi": 33
        },
        "SO2": {
            "concentration": 0.27,
            "aqi": 0
        },
        "PM2.5": {
            "concentration": 5.27,
            "aqi": 17
        },
        "PM10": {
            "concentration": 6.65,
            "aqi": 6
        },
        "overall_aqi": 33
    },
    "Winchester": {
        "CO": {
            "concentration": 260.35,
            "aqi": 2
        },
        "NO2": {
            "concentration": 19.19,
            "aqi": 23
        },
        "O3": {
            "concentration": 15.38,
            "aqi": 13
        },
        "SO2": {
            "concentration": 1.51,
            "aqi": 2
        },
        "PM2.5": {
            "concentration": 6.79,
            "aqi": 22
        },
        "PM10": {
            "concentration": 8.01,
            "aqi": 7
        },
        "overall_aqi": 23
    },
    "Front Royal": {
        "CO": {
            "concentration": 300.41,
            "aqi": 3
        },
        "NO2": {
            "concentration": 10.71,
            "aqi": 13
        },
        "O3": {
            "concentration": 53.64,
            "aqi": 45
        },
        "SO2": {
            "concentration": 0.54,
            "aqi": 0
        },
        "PM2.5": {
            "concentration": 3.97,
            "aqi": 12
        },
        "PM10": {
            "concentration": 4.9,
            "aqi": 4
        },
        "overall_aqi": 45
    },
    "Strasburg": {
        "CO": {
            "concentration": 236.99,
            "aqi": 2
        },
        "NO2": {
            "concentration": 2.74,
            "aqi": 3
        },
        "O3": {
            "concentration": 65.09,
            "aqi": 69
        },
        "SO2": {
            "concentration": 0.29,
            "aqi": 0
        },
        "PM2.5": {
            "concentration": 0.53,
            "aqi": 1
        },
        "PM10": {
            "concentration": 0.76,
            "aqi": 0
        },
        "overall_aqi": 69
    },
    "Woodstock": {
        "CO": {
            "concentration": 267.03,
            "aqi": 3
        },
        "NO2": {
            "concentration": 5.66,
            "aqi": 7
        },
        "O3": {
            "concentration": 55.79,
            "aqi": 47
        },
        "SO2": {
            "concentration": 0.04,
            "aqi": 0
        },
        "PM2.5": {
            "concentration": 0.99,
            "aqi": 3
        },
        "PM10": {
            "concentration": 1.3,
            "aqi": 1
        },
        "overall_aqi": 47
    },
    "Luray": {
        "CO": {
            "concentration": 263.69,
            "aqi": 2
        },
        "NO2": {
            "concentration": 9.34,
            "aqi": 11
        },
        "O3": {
            "concentration": 26.82,
            "aqi": 22
        },
        "SO2": {
            "concentration": 0.67,
            "aqi": 0
        },
        "PM2.5": {
            "concentration": 7.52,
            "aqi": 24
        },
        "PM10": {
            "concentration": 8.73,
            "aqi": 8
        },
        "overall_aqi": 24
    },
    "Berryville": {
        "CO": {
            "concentration": 253.68,
            "aqi": 2
        },
        "NO2": {
            "concentration": 3,
            "aqi": 3
        },
        "O3": {
            "concentration": 65.09,
            "aqi": 69
        },
        "SO2": {
            "concentration": 0.51,
            "aqi": 0
        },
        "PM2.5": {
            "concentration": 7.47,
            "aqi": 24
        },
        "PM10": {
            "concentration": 8.78,
            "aqi": 8
        },
        "overall_aqi": 69
    },
    "Middleburg": {
        "CO": {
            "concentration": 380.52,
            "aqi": 4
        },
        "NO2": {
            "concentration": 26.39,
            "aqi": 32
        },
        "O3": {
            "concentration": 34.69,
            "aqi": 29
        },
        "SO2": {
            "concentration": 1.59,
            "aqi": 2
        },
        "PM2.5": {
            "concentration": 9.53,
            "aqi": 30
        },
        "PM10": {
            "concentration": 11.52,
            "aqi": 10
        },
        "overall_aqi": 32
    },
    "Dumfries": {
        "CO": {
            "concentration": 236.99,
            "aqi": 2
        },
        "NO2": {
            "concentration": 10.28,
            "aqi": 12
        },
        "O3": {
            "concentration": 27.9,
            "aqi": 23
        },
        "SO2": {
            "concentration": 0.42,
            "aqi": 0
        },
        "PM2.5": {
            "concentration": 4.39,
            "aqi": 14
        },
        "PM10": {
            "concentration": 5.12,
            "aqi": 4
        },
        "overall_aqi": 23
    },
    "Occoquan": {
        "CO": {
            "concentration": 560.76,
            "aqi": 6
        },
        "NO2": {
            "concentration": 70.6,
            "aqi": 88
        },
        "O3": {
            "concentration": 1.79,
            "aqi": 1
        },
        "SO2": {
            "concentration": 2.77,
            "aqi": 4
        },
        "PM2.5": {
            "concentration": 13.7,
            "aqi": 44
        },
        "PM10": {
            "concentration": 19.23,
            "aqi": 17
        },
        "overall_aqi": 88
    },
    "Haymarket": {
        "CO": {
            "concentration": 380.52,
            "aqi": 4
        },
        "NO2": {
            "concentration": 26.39,
            "aqi": 32
        },
        "O3": {
            "concentration": 34.69,
            "aqi": 29
        },
        "SO2": {
            "concentration": 1.59,
            "aqi": 2
        },
        "PM2.5": {
            "concentration": 9.53,
            "aqi": 30
        },
        "PM10": {
            "concentration": 11.52,
            "aqi": 10
        },
        "overall_aqi": 32
    },
    "Clifton": {
        "CO": {
            "concentration": 787.74,
            "aqi": 8
        },
        "NO2": {
            "concentration": 78.83,
            "aqi": 98
        },
        "O3": {
            "concentration": 0,
            "aqi": 0
        },
        "SO2": {
            "concentration": 4.83,
            "aqi": 7
        },
        "PM2.5": {
            "concentration": 22.38,
            "aqi": 63
        },
        "PM10": {
            "concentration": 34.72,
            "aqi": 32
        },
        "overall_aqi": 98
    },
    "Quantico": {
        "CO": {
            "concentration": 390.53,
            "aqi": 4
        },
        "NO2": {
            "concentration": 27.08,
            "aqi": 33
        },
        "O3": {
            "concentration": 33.26,
            "aqi": 28
        },
        "SO2": {
            "concentration": 1.01,
            "aqi": 1
        },
        "PM2.5": {
            "concentration": 6.32,
            "aqi": 20
        },
        "PM10": {
            "concentration": 12.09,
            "aqi": 11
        },
        "overall_aqi": 33
    },
    "Hamilton": {
        "CO": {
            "concentration": 310.42,
            "aqi": 3
        },
        "NO2": {
            "concentration": 13.37,
            "aqi": 16
        },
        "O3": {
            "concentration": 50.78,
            "aqi": 43
        },
        "SO2": {
            "concentration": 3.31,
            "aqi": 4
        },
        "PM2.5": {
            "concentration": 2.75,
            "aqi": 8
        },
        "PM10": {
            "concentration": 4.6,
            "aqi": 4
        },
        "overall_aqi": 43
    },
    "Hillsboro": {
        "CO": {
            "concentration": 327.11,
            "aqi": 3
        },
        "NO2": {
            "concentration": 17.31,
            "aqi": 21
        },
        "O3": {
            "concentration": 40.05,
            "aqi": 33
        },
        "SO2": {
            "concentration": 1.13,
            "aqi": 1
        },
        "PM2.5": {
            "concentration": 4.76,
            "aqi": 15
        },
        "PM10": {
            "concentration": 6.51,
            "aqi": 6
        },
        "overall_aqi": 33
    },
    "Lovettsville": {
        "CO": {
            "concentration": 323.77,
            "aqi": 3
        },
        "NO2": {
            "concentration": 16.79,
            "aqi": 20
        },
        "O3": {
            "concentration": 46.49,
            "aqi": 39
        },
        "SO2": {
            "concentration": 1.36,
            "aqi": 2
        },
        "PM2.5": {
            "concentration": 5.51,
            "aqi": 17
        },
        "PM10": {
            "concentration": 6.95,
            "aqi": 6
        },
        "overall_aqi": 39
    },
    "Round Hill": {
        "CO": {
            "concentration": 340.46,
            "aqi": 3
        },
        "NO2": {
            "concentration": 19.71,
            "aqi": 24
        },
        "O3": {
            "concentration": 43.63,
            "aqi": 36
        },
        "SO2": {
            "concentration": 1.33,
            "aqi": 1
        },
        "PM2.5": {
            "concentration": 7.16,
            "aqi": 23
        },
        "PM10": {
            "concentration": 8.82,
            "aqi": 8
        },
        "overall_aqi": 36
    },
    "Ashburn": {
        "CO": {
            "concentration": 407.22,
            "aqi": 4
        },
        "NO2": {
            "concentration": 38.39,
            "aqi": 47
        },
        "O3": {
            "concentration": 26.82,
            "aqi": 22
        },
        "SO2": {
            "concentration": 1.42,
            "aqi": 2
        },
        "PM2.5": {
            "concentration": 10.43,
            "aqi": 33
        },
        "PM10": {
            "concentration": 13.02,
            "aqi": 12
        },
        "overall_aqi": 47
    },
    "Chantilly": {
        "CO": {
            "concentration": 287.06,
            "aqi": 3
        },
        "NO2": {
            "concentration": 9,
            "aqi": 11
        },
        "O3": {
            "concentration": 36.48,
            "aqi": 30
        },
        "SO2": {
            "concentration": 0.4,
            "aqi": 0
        },
        "PM2.5": {
            "concentration": 6.05,
            "aqi": 19
        },
        "PM10": {
            "concentration": 7.51,
            "aqi": 6
        },
        "overall_aqi": 30
    },
    "Sterling": {
        "CO": {
            "concentration": 340.46,
            "aqi": 3
        },
        "NO2": {
            "concentration": 17.48,
            "aqi": 21
        },
        "O3": {
            "concentration": 36.48,
            "aqi": 30
        },
        "SO2": {
            "concentration": 0.56,
            "aqi": 0
        },
        "PM2.5": {
            "concentration": 7.48,
            "aqi": 24
        },
        "PM10": {
            "concentration": 8.41,
            "aqi": 7
        },
        "overall_aqi": 30
    },
    "Great Falls": {
        "CO": {
            "concentration": 208.62,
            "aqi": 2
        },
        "NO2": {
            "concentration": 2.46,
            "aqi": 3
        },
        "O3": {
            "concentration": 72.24,
            "aqi": 91
        },
        "SO2": {
            "concentration": 0.05,
            "aqi": 0
        },
        "PM2.5": {
            "concentration": 0.5,
            "aqi": 1
        },
        "PM10": {
            "concentration": 0.94,
            "aqi": 0
        },
        "overall_aqi": 91
    },
    "McLean": {
        "CO": {
            "concentration": 634.19,
            "aqi": 7
        },
        "NO2": {
            "concentration": 77.46,
            "aqi": 96
        },
        "O3": {
            "concentration": 0.76,
            "aqi": 0
        },
        "SO2": {
            "concentration": 4.05,
            "aqi": 5
        },
        "PM2.5": {
            "concentration": 15.93,
            "aqi": 51
        },
        "PM10": {
            "concentration": 19.89,
            "aqi": 18
        },
        "overall_aqi": 96
    },
    "Tysons": {
        "CO": {
            "concentration": 580.79,
            "aqi": 6
        },
        "NO2": {
            "concentration": 75.4,
            "aqi": 94
        },
        "O3": {
            "concentration": 2.3,
            "aqi": 1
        },
        "SO2": {
            "concentration": 3.55,
            "aqi": 5
        },
        "PM2.5": {
            "concentration": 15.25,
            "aqi": 49
        },
        "PM10": {
            "concentration": 19.79,
            "aqi": 18
        },
        "overall_aqi": 94
    },
    "Burke": {
        "CO": {
            "concentration": 243.66,
            "aqi": 2
        },
        "NO2": {
            "concentration": 2.72,
            "aqi": 3
        },
        "O3": {
            "concentration": 50.07,
            "aqi": 42
        },
        "SO2": {
            "concentration": 0.34,
            "aqi": 0
        },
        "PM2.5": {
            "concentration": 10.34,
            "aqi": 33
        },
        "PM10": {
            "concentration": 11.22,
            "aqi": 10
        },
        "overall_aqi": 42
    },
    "Springfield": {
        "CO": {
            "concentration": 387.19,
            "aqi": 4
        },
        "NO2": {
            "concentration": 30.85,
            "aqi": 38
        },
        "O3": {
            "concentration": 27.54,
            "aqi": 23
        },
        "SO2": {
            "concentration": 0.28,
            "aqi": 0
        },
        "PM2.5": {
            "concentration": 6.49,
            "aqi": 21
        },
        "PM10": {
            "concentration": 7.6,
            "aqi": 7
        },
        "overall_aqi": 38
    },
    "Lorton": {
        "CO": {
            "concentration": 560.76,
            "aqi": 6
        },
        "NO2": {
            "concentration": 70.6,
            "aqi": 88
        },
        "O3": {
            "concentration": 1.79,
            "aqi": 1
        },
        "SO2": {
            "concentration": 2.77,
            "aqi": 4
        },
        "PM2.5": {
            "concentration": 13.7,
            "aqi": 44
        },
        "PM10": {
            "concentration": 19.23,
            "aqi": 17
        },
        "overall_aqi": 88
    },
    "Mount Vernon": {
        "CO": {
            "concentration": 297.07,
            "aqi": 3
        },
        "NO2": {
            "concentration": 12,
            "aqi": 15
        },
        "O3": {
            "concentration": 47.92,
            "aqi": 40
        },
        "SO2": {
            "concentration": 0.65,
            "aqi": 0
        },
        "PM2.5": {
            "concentration": 3.15,
            "aqi": 10
        },
        "PM10": {
            "concentration": 3.8,
            "aqi": 3
        },
        "overall_aqi": 40
    },
    "Annandale": {
        "CO": {
            "concentration": 253.68,
            "aqi": 2
        },
        "NO2": {
            "concentration": 3,
            "aqi": 3
        },
        "O3": {
            "concentration": 65.09,
            "aqi": 69
        },
        "SO2": {
            "concentration": 0.03,
            "aqi": 0
        },
        "PM2.5": {
            "concentration": 0.51,
            "aqi": 1
        },
        "PM10": {
            "concentration": 0.63,
            "aqi": 0
        },
        "overall_aqi": 69
    },
    "Oakton": {
        "CO": {
            "concentration": 580.79,
            "aqi": 6
        },
        "NO2": {
            "concentration": 75.4,
            "aqi": 94
        },
        "O3": {
            "concentration": 2.3,
            "aqi": 1
        },
        "SO2": {
            "concentration": 3.55,
            "aqi": 5
        },
        "PM2.5": {
            "concentration": 15.25,
            "aqi": 49
        },
        "PM10": {
            "concentration": 19.79,
            "aqi": 18
        },
        "overall_aqi": 94
    },
    "Centreville": {
        "CO": {
            "concentration": 520.71,
            "aqi": 5
        },
        "NO2": {
            "concentration": 58.26,
            "aqi": 72
        },
        "O3": {
            "concentration": 12.34,
            "aqi": 10
        },
        "SO2": {
            "concentration": 1.94,
            "aqi": 2
        },
        "PM2.5": {
            "concentration": 14.53,
            "aqi": 47
        },
        "PM10": {
            "concentration": 18.44,
            "aqi": 17
        },
        "overall_aqi": 72
    },
    "Manassas Park": {
        "CO": {
            "concentration": 514.03,
            "aqi": 5
        },
        "NO2": {
            "concentration": 58.26,
            "aqi": 72
        },
        "O3": {
            "concentration": 11.27,
            "aqi": 9
        },
        "SO2": {
            "concentration": 1.83,
            "aqi": 2
        },
        "PM2.5": {
            "concentration": 14.58,
            "aqi": 47
        },
        "PM10": {
            "concentration": 19.06,
            "aqi": 17
        },
        "overall_aqi": 72
    },
    "Gainesville": {
        "CO": {
            "concentration": 267.03,
            "aqi": 3
        },
        "NO2": {
            "concentration": 4.76,
            "aqi": 5
        },
        "O3": {
            "concentration": 84.4,
            "aqi": 123
        },
        "SO2": {
            "concentration": 5.78,
            "aqi": 8
        },
        "PM2.5": {
            "concentration": 12.65,
            "aqi": 41
        },
        "PM10": {
            "concentration": 15.12,
            "aqi": 14
        },
        "overall_aqi": 123
    },
    "Bristow": {
        "CO": {
            "concentration": 253.68,
            "aqi": 2
        },
        "NO2": {
            "concentration": 3.6,
            "aqi": 4
        },
        "O3": {
            "concentration": 65.09,
            "aqi": 69
        },
        "SO2": {
            "concentration": 0.31,
            "aqi": 0
        },
        "PM2.5": {
            "concentration": 1.52,
            "aqi": 4
        },
        "PM10": {
            "concentration": 1.68,
            "aqi": 1
        },
        "overall_aqi": 69
    },
    "Nokesville": {
        "CO": {
            "concentration": 514.03,
            "aqi": 5
        },
        "NO2": {
            "concentration": 58.26,
            "aqi": 72
        },
        "O3": {
            "concentration": 11.27,
            "aqi": 9
        },
        "SO2": {
            "concentration": 1.83,
            "aqi": 2
        },
        "PM2.5": {
            "concentration": 14.58,
            "aqi": 47
        },
        "PM10": {
            "concentration": 19.06,
            "aqi": 17
        },
        "overall_aqi": 72
    },
    "Dale City": {
        "CO": {
            "concentration": 560.76,
            "aqi": 6
        },
        "NO2": {
            "concentration": 70.6,
            "aqi": 88
        },
        "O3": {
            "concentration": 1.79,
            "aqi": 1
        },
        "SO2": {
            "concentration": 2.77,
            "aqi": 4
        },
        "PM2.5": {
            "concentration": 13.7,
            "aqi": 44
        },
        "PM10": {
            "concentration": 19.23,
            "aqi": 17
        },
        "overall_aqi": 88
    },
    "Woodbridge": {
        "CO": {
            "concentration": 834.47,
            "aqi": 9
        },
        "NO2": {
            "concentration": 77.46,
            "aqi": 96
        },
        "O3": {
            "concentration": 0,
            "aqi": 0
        },
        "SO2": {
            "concentration": 1.83,
            "aqi": 2
        },
        "PM2.5": {
            "concentration": 24.06,
            "aqi": 67
        },
        "PM10": {
            "concentration": 35.58,
            "aqi": 32
        },
        "overall_aqi": 96
    },
    "Stafford": {
        "CO": {
            "concentration": 310.42,
            "aqi": 3
        },
        "NO2": {
            "concentration": 45.93,
            "aqi": 57
        },
        "O3": {
            "concentration": 0.47,
            "aqi": 0
        },
        "SO2": {
            "concentration": 9.78,
            "aqi": 14
        },
        "PM2.5": {
            "concentration": 15.31,
            "aqi": 49
        },
        "PM10": {
            "concentration": 17.14,
            "aqi": 15
        },
        "overall_aqi": 57
    },
    "Fredericksburg": {
        "CO": {
            "concentration": 400.54,
            "aqi": 4
        },
        "NO2": {
            "concentration": 23.99,
            "aqi": 29
        },
        "O3": {
            "concentration": 30.4,
            "aqi": 25
        },
        "SO2": {
            "concentration": 0.37,
            "aqi": 0
        },
        "PM2.5": {
            "concentration": 6.39,
            "aqi": 20
        },
        "PM10": {
            "concentration": 8.07,
            "aqi": 7
        },
        "overall_aqi": 29
    },
    "Potomac": {
        "CO": {
            "concentration": 453.95,
            "aqi": 5
        },
        "NO2": {
            "concentration": 55.52,
            "aqi": 69
        },
        "O3": {
            "concentration": 16.45,
            "aqi": 13
        },
        "SO2": {
            "concentration": 2.71,
            "aqi": 3
        },
        "PM2.5": {
            "concentration": 12.24,
            "aqi": 39
        },
        "PM10": {
            "concentration": 15.3,
            "aqi": 14
        },
        "overall_aqi": 69
    },
    "Ellicott City": {
        "CO": {
            "concentration": 620.84,
            "aqi": 7
        },
        "NO2": {
            "concentration": 80.88,
            "aqi": 100
        },
        "O3": {
            "concentration": 3.8,
            "aqi": 3
        },
        "SO2": {
            "concentration": 5.9,
            "aqi": 8
        },
        "PM2.5": {
            "concentration": 15.9,
            "aqi": 51
        },
        "PM10": {
            "concentration": 21.61,
            "aqi": 20
        },
        "overall_aqi": 100
    },
    "Germantown": {
        "CO": {
            "concentration": 303.75,
            "aqi": 3
        },
        "NO2": {
            "concentration": 11.14,
            "aqi": 13
        },
        "O3": {
            "concentration": 49.35,
            "aqi": 41
        },
        "SO2": {
            "concentration": 0.41,
            "aqi": 0
        },
        "PM2.5": {
            "concentration": 4.16,
            "aqi": 13
        },
        "PM10": {
            "concentration": 5.04,
            "aqi": 4
        },
        "overall_aqi": 41
    },
    "Waldorf": {
        "CO": {
            "concentration": 273.71,
            "aqi": 3
        },
        "NO2": {
            "concentration": 16.45,
            "aqi": 20
        },
        "O3": {
            "concentration": 33.62,
            "aqi": 28
        },
        "SO2": {
            "concentration": 2.68,
            "aqi": 3
        },
        "PM2.5": {
            "concentration": 4.16,
            "aqi": 13
        },
        "PM10": {
            "concentration": 5.7,
            "aqi": 5
        },
        "overall_aqi": 28
    },
    "Lanham": {
        "CO": {
            "concentration": 283.72,
            "aqi": 3
        },
        "NO2": {
            "concentration": 9.77,
            "aqi": 12
        },
        "O3": {
            "concentration": 47.92,
            "aqi": 40
        },
        "SO2": {
            "concentration": 0.51,
            "aqi": 0
        },
        "PM2.5": {
            "concentration": 3.49,
            "aqi": 11
        },
        "PM10": {
            "concentration": 4.36,
            "aqi": 4
        },
        "overall_aqi": 40
    },
    "Beltsville": {
        "CO": {
            "concentration": 453.95,
            "aqi": 5
        },
        "NO2": {
            "concentration": 58.26,
            "aqi": 72
        },
        "O3": {
            "concentration": 12.16,
            "aqi": 10
        },
        "SO2": {
            "concentration": 5.72,
            "aqi": 8
        },
        "PM2.5": {
            "concentration": 9.18,
            "aqi": 29
        },
        "PM10": {
            "concentration": 13.78,
            "aqi": 12
        },
        "overall_aqi": 72
    },
    "Crofton": {
        "CO": {
            "concentration": 594.14,
            "aqi": 6
        },
        "NO2": {
            "concentration": 86.37,
            "aqi": 103
        },
        "O3": {
            "concentration": 0.46,
            "aqi": 0
        },
        "SO2": {
            "concentration": 5.13,
            "aqi": 7
        },
        "PM2.5": {
            "concentration": 12.91,
            "aqi": 41
        },
        "PM10": {
            "concentration": 18.79,
            "aqi": 17
        },
        "overall_aqi": 103
    },
    "Oxon Hill": {
        "CO": {
            "concentration": 627.52,
            "aqi": 7
        },
        "NO2": {
            "concentration": 62.38,
            "aqi": 77
        },
        "O3": {
            "concentration": 0.11,
            "aqi": 0
        },
        "SO2": {
            "concentration": 3.22,
            "aqi": 4
        },
        "PM2.5": {
            "concentration": 14.62,
            "aqi": 47
        },
        "PM10": {
            "concentration": 19.05,
            "aqi": 17
        },
        "overall_aqi": 77
    },
    "Sykesville": {
        "CO": {
            "concentration": 417.23,
            "aqi": 4
        },
        "NO2": {
            "concentration": 41.81,
            "aqi": 52
        },
        "O3": {
            "concentration": 26.11,
            "aqi": 22
        },
        "SO2": {
            "concentration": 5.78,
            "aqi": 8
        },
        "PM2.5": {
            "concentration": 9.25,
            "aqi": 30
        },
        "PM10": {
            "concentration": 13.38,
            "aqi": 12
        },
        "overall_aqi": 52
    },
    "Olney": {
        "CO": {
            "concentration": 226.97,
            "aqi": 2
        },
        "NO2": {
            "concentration": 1.67,
            "aqi": 2
        },
        "O3": {
            "concentration": 87.98,
            "aqi": 132
        },
        "SO2": {
            "concentration": 2.35,
            "aqi": 3
        },
        "PM2.5": {
            "concentration": 10.94,
            "aqi": 35
        },
        "PM10": {
            "concentration": 11.2,
            "aqi": 10
        },
        "overall_aqi": 132
    },
    "Georgetown": {
        "CO": {
            "concentration": 310.42,
            "aqi": 3
        },
        "NO2": {
            "concentration": 0.06,
            "aqi": 0
        },
        "O3": {
            "concentration": 23.6,
            "aqi": 20
        },
        "SO2": {
            "concentration": 0.05,
            "aqi": 0
        },
        "PM2.5": {
            "concentration": 1.18,
            "aqi": 3
        },
        "PM10": {
            "concentration": 2.44,
            "aqi": 2
        },
        "overall_aqi": 20
    },
    "Dupont Circle": {
        "CO": {
            "concentration": 634.19,
            "aqi": 7
        },
        "NO2": {
            "concentration": 77.46,
            "aqi": 96
        },
        "O3": {
            "concentration": 0.76,
            "aqi": 0
        },
        "SO2": {
            "concentration": 4.05,
            "aqi": 5
        },
        "PM2.5": {
            "concentration": 15.93,
            "aqi": 51
        },
        "PM10": {
            "concentration": 19.89,
            "aqi": 18
        },
        "overall_aqi": 96
    }
}