{
    "Washington": {
        "CO": {
            "concentration": 293.73,
            "aqi": 3
        },
        "NO2": {
            "concentration": 13.02,
            "aqi": 16
        },
        "O3": {
            "concentration": 62.94,
            "aqi": 62
        },
        "SO2": {
            "concentration": 4.47,
            "aqi": 6
        },
        "PM2.5": {
            "concentration": 9.21,
            "aqi": 29
        },
        "PM10": {
            "concentration": 11.43,
            "aqi": 10
        },
        "overall_aqi": 62
    },
    "Arlington": {
        "CO": {
            "concentration": 527.38,
            "aqi": 5
        },
        "NO2": {
            "concentration": 67.86,
            "aqi": 84
        },
        "O3": {
            "concentration": 7.06,
            "aqi": 5
        },
        "SO2": {
            "concentration": 1.74,
            "aqi": 2
        },
        "PM2.5": {
            "concentration": 15.09,
            "aqi": 48
        },
        "PM10": {
            "concentration": 20.53,
            "aqi": 19
        },
        "overall_aqi": 84
    },
    "Alexandria": {
        "CO": {
            "concentration": 211.95,
            "aqi": 2
        },
        "NO2": {
            "concentration": 0.73,
            "aqi": 0
        },
        "O3": {
            "concentration": 91.55,
            "aqi": 141
        },
        "SO2": {
            "concentration": 0.61,
            "aqi": 0
        },
        "PM2.5": {
            "concentration": 22.61,
            "aqi": 64
        },
        "PM10": {
            "concentration": 55.66,
            "aqi": 50
        },
        "overall_aqi": 141
    },
    "Fairfax": {
        "CO": {
            "concentration": 273.71,
            "aqi": 3
        },
        "NO2": {
            "concentration": 8.74,
            "aqi": 10
        },
        "O3": {
            "concentration": 69.38,
            "aqi": 82
        },
        "SO2": {
            "concentration": 4.95,
            "aqi": 7
        },
        "PM2.5": {
            "concentration": 8.53,
            "aqi": 27
        },
        "PM10": {
            "concentration": 10.41,
            "aqi": 9
        },
        "overall_aqi": 82
    },
    "Rockville": {
        "CO": {
            "concentration": 287.06,
            "aqi": 3
        },
        "NO2": {
            "concentration": 10.8,
            "aqi": 13
        },
        "O3": {
            "concentration": 62.94,
            "aqi": 62
        },
        "SO2": {
            "concentration": 4.65,
            "aqi": 6
        },
        "PM2.5": {
            "concentration": 8.77,
            "aqi": 28
        },
        "PM10": {
            "concentration": 10.77,
            "aqi": 9
        },
        "overall_aqi": 62
    },
    "Bethesda": {
        "CO": {
            "concentration": 293.73,
            "aqi": 3
        },
        "NO2": {
            "concentration": 13.02,
            "aqi": 16
        },
        "O3": {
            "concentration": 62.94,
            "aqi": 62
        },
        "SO2": {
            "concentration": 4.47,
            "aqi": 6
        },
        "PM2.5": {
            "concentration": 9.21,
            "aqi": 29
        },
        "PM10": {
            "concentration": 11.43,
            "aqi": 10
        },
        "overall_aqi": 62
    },
    "Silver Spring": {
        "CO": {
            "concentration": 293.73,
            "aqi": 3
        },
        "NO2": {
            "concentration": 13.02,
            "aqi": 16
        },
        "O3": {
            "concentration": 62.94,
            "aqi": 62
        },
        "SO2": {
            "concentration": 4.47,
            "aqi": 6
        },
        "PM2.5": {
            "concentration": 9.21,
            "aqi": 29
        },
        "PM10": {
            "concentration": 11.43,
            "aqi": 10
        },
        "overall_aqi": 62
    },
    "Reston": {
        "CO": {
            "concentration": 273.71,
            "aqi": 3
        },
        "NO2": {
            "concentration": 8.74,
            "aqi": 10
        },
        "O3": {
            "concentration": 69.38,
            "aqi": 82
        },
        "SO2": {
            "concentration": 4.95,
            "aqi": 7
        },
        "PM2.5": {
            "concentration": 8.53,
            "aqi": 27
        },
        "PM10": {
            "concentration": 10.41,
            "aqi": 9
        },
        "overall_aqi": 82
    },
    "Frederick": {
        "CO": {
            "concentration": 273.71,
            "aqi": 3
        },
        "NO2": {
            "concentration": 7.97,
            "aqi": 9
        },
        "O3": {
            "concentration": 62.23,
            "aqi": 60
        },
        "SO2": {
            "concentration": 3.87,
            "aqi": 5
        },
        "PM2.5": {
            "concentration": 8.35,
            "aqi": 27
        },
        "PM10": {
            "concentration": 9.84,
            "aqi": 9
        },
        "overall_aqi": 60
    },
    "Gaithersburg": {
        "CO": {
            "concentration": 287.06,
            "aqi": 3
        },
        "NO2": {
            "concentration": 10.8,
            "aqi": 13
        },
        "O3": {
            "concentration": 62.94,
            "aqi": 62
        },
        "SO2": {
            "concentration": 4.65,
            "aqi": 6
        },
        "PM2.5": {
            "concentration": 8.77,
            "aqi": 28
        },
        "PM10": {
            "concentration": 10.77,
            "aqi": 9
        },
        "overall_aqi": 62
    },
    "Annapolis": {
        "CO": {
            "concentration": 460.63,
            "aqi": 5
        },
        "NO2": {
            "concentration": 48.67,
            "aqi": 60
        },
        "O3": {
            "concentration": 23.6,
            "aqi": 20
        },
        "SO2": {
            "concentration": 3.55,
            "aqi": 5
        },
        "PM2.5": {
            "concentration": 14.64,
            "aqi": 47
        },
        "PM10": {
            "concentration": 18.62,
            "aqi": 17
        },
        "overall_aqi": 60
    },
    "Bowie": {
        "CO": {
            "concentration": 413.9,
            "aqi": 4
        },
        "NO2": {
            "concentration": 39.41,
            "aqi": 49
        },
        "O3": {
            "concentration": 30.4,
            "aqi": 25
        },
        "SO2": {
            "concentration": 4.17,
            "aqi": 6
        },
        "PM2.5": {
            "concentration": 13.33,
            "aqi": 43
        },
        "PM10": {
            "concentration": 16.51,
            "aqi": 15
        },
        "overall_aqi": 49
    },
    "College Park": {
        "CO": {
            "concentration": 360.49,
            "aqi": 4
        },
        "NO2": {
            "concentration": 26.39,
            "aqi": 32
        },
        "O3": {
            "concentration": 43.63,
            "aqi": 36
        },
        "SO2": {
            "concentration": 4.47,
            "aqi": 6
        },
        "PM2.5": {
            "concentration": 11.41,
            "aqi": 37
        },
        "PM10": {
            "concentration": 14.03,
            "aqi": 12
        },
        "overall_aqi": 37
    },
    "Greenbelt": {
        "CO": {
            "concentration": 300.41,
            "aqi": 3
        },
        "NO2": {
            "concentration": 11.82,
            "aqi": 14
        },
        "O3": {
            "concentration": 60.08,
            "aqi": 53
        },
        "SO2": {
            "concentration": 4.35,
            "aqi": 6
        },
        "PM2.5": {
            "concentration": 8.91,
            "aqi": 28
        },
        "PM10": {
            "concentration": 11.12,
            "aqi": 10
        },
        "overall_aqi": 53
    },
    "Laurel": {
        "CO": {
            "concentration": 226.97,
            "aqi": 2
        },
        "NO2": {
            "concentration": 2.53,
            "aqi": 3
        },
        "O3": {
            "concentration": 44.35,
            "aqi": 37
        },
        "SO2": {
            "concentration": 0.83,
            "aqi": 1
        },
        "PM2.5": {
            "concentration": 5.11,
            "aqi": 16
        },
        "PM10": {
            "concentration": 5.7,
            "aqi": 5
        },
        "overall_aqi": 37
    },
    "Cumberland": {
        "CO": {
            "concentration": 247,
            "aqi": 2
        },
        "NO2": {
            "concentration": 3.86,
            "aqi": 4
        },
        "O3": {
            "concentration": 70.1,
            "aqi": 84
        },
        "SO2": {
            "concentration": 2.8,
            "aqi": 4
        },
        "PM2.5": {
            "concentration": 5.53,
            "aqi": 17
        },
        "PM10": {
            "concentration": 6.59,
            "aqi": 6
        },
        "overall_aqi": 84
    },
    "Hagerstown": {
        "CO": {
            "concentration": 280.38,
            "aqi": 3
        },
        "NO2": {
            "concentration": 8.23,
            "aqi": 10
        },
        "O3": {
            "concentration": 58.65,
            "aqi": 49
        },
        "SO2": {
            "concentration": 2.98,
            "aqi": 4
        },
        "PM2.5": {
            "concentration": 8.01,
            "aqi": 26
        },
        "PM10": {
            "concentration": 9.53,
            "aqi": 8
        },
        "overall_aqi": 49
    },
    "Salisbury": {
        "CO": {
            "concentration": 213.62,
            "aqi": 2
        },
        "NO2": {
            "concentration": 0.76,
            "aqi": 0
        },
        "O3": {
            "concentration": 72.96,
            "aqi": 93
        },
        "SO2": {
            "concentration": 0.21,
            "aqi": 0
        },
        "PM2.5": {
            "concentration": 0.86,
            "aqi": 2
        },
        "PM10": {
            "concentration": 1.84,
            "aqi": 1
        },
        "overall_aqi": 93
    },
    "Westminster": {
        "CO": {
            "concentration": 220.3,
            "aqi": 2
        },
        "NO2": {
            "concentration": 4.16,
            "aqi": 5
        },
        "O3": {
            "concentration": 67.95,
            "aqi": 77
        },
        "SO2": {
            "concentration": 3.01,
            "aqi": 4
        },
        "PM2.5": {
            "concentration": 1.01,
            "aqi": 3
        },
        "PM10": {
            "concentration": 2.13,
            "aqi": 1
        },
        "overall_aqi": 77
    },
    "Hyattsville": {
        "CO": {
            "concentration": 360.49,
            "aqi": 4
        },
        "NO2": {
            "concentration": 26.39,
            "aqi": 32
        },
        "O3": {
            "concentration": 43.63,
            "aqi": 36
        },
        "SO2": {
            "concentration": 4.47,
            "aqi": 6
        },
        "PM2.5": {
            "concentration": 11.41,
            "aqi": 37
        },
        "PM10": {
            "concentration": 14.03,
            "aqi": 12
        },
        "overall_aqi": 37
    },
    "Takoma Park": {
        "CO": {
            "concentration": 293.73,
            "aqi": 3
        },
        "NO2": {
            "concentration": 13.02,
            "aqi": 16
        },
        "O3": {
            "concentration": 62.94,
            "aqi": 62
        },
        "SO2": {
            "concentration": 4.47,
            "aqi": 6
        },
        "PM2.5": {
            "concentration": 9.21,
            "aqi": 29
        },
        "PM10": {
            "concentration": 11.43,
            "aqi": 10
        },
        "overall_aqi": 62
    },
    "Chevy Chase": {
        "CO": {
            "concentration": 293.73,
            "aqi": 3
        },
        "NO2": {
            "concentration": 13.02,
            "aqi": 16
        },
        "O3": {
            "concentration": 62.94,
            "aqi": 62
        },
        "SO2": {
            "concentration": 4.47,
            "aqi": 6
        },
        "PM2.5": {
            "concentration": 9.21,
            "aqi": 29
        },
        "PM10": {
            "concentration": 11.43,
            "aqi": 10
        },
        "overall_aqi": 62
    },
    "Kensington": {
        "CO": {
            "concentration": 220.3,
            "aqi": 2
        },
        "NO2": {
            "concentration": 4.16,
            "aqi": 5
        },
        "O3": {
            "concentration": 67.95,
            "aqi": 77
        },
        "SO2": {
            "concentration": 3.01,
            "aqi": 4
        },
        "PM2.5": {
            "concentration": 1.01,
            "aqi": 3
        },
        "PM10": {
            "concentration": 2.13,
            "aqi": 1
        },
        "overall_aqi": 77
    },
    "Poolesville": {
        "CO": {
            "concentration": 267.03,
            "aqi": 3
        },
        "NO2": {
            "concentration": 7.03,
            "aqi": 8
        },
        "O3": {
            "concentration": 69.38,
            "aqi": 82
        },
        "SO2": {
            "concentration": 5.36,
            "aqi": 7
        },
        "PM2.5": {
            "concentration": 8.71,
            "aqi": 28
        },
        "PM10": {
            "concentration": 10.37,
            "aqi": 9
        },
        "overall_aqi": 82
    },
    "Bladensburg": {
        "CO": {
            "concentration": 360.49,
            "aqi": 4
        },
        "NO2": {
            "concentration": 26.39,
            "aqi": 32
        },
        "O3": {
            "concentration": 43.63,
            "aqi": 36
        },
        "SO2": {
            "concentration": 4.47,
            "aqi": 6
        },
        "PM2.5": {
            "concentration": 11.41,
            "aqi": 37
        },
        "PM10": {
            "concentration": 14.03,
            "aqi": 12
        },
        "overall_aqi": 37
    },
    "Mount Rainier": {
        "CO": {
            "concentration": 360.49,
            "aqi": 4
        },
        "NO2": {
            "concentration": 26.39,
            "aqi": 32
        },
        "O3": {
            "concentration": 43.63,
            "aqi": 36
        },
        "SO2": {
            "concentration": 4.47,
            "aqi": 6
        },
        "PM2.5": {
            "concentration": 11.41,
            "aqi": 37
        },
        "PM10": {
            "concentration": 14.03,
            "aqi": 12
        },
        "overall_aqi": 37
    },
    "Riverdale Park": {
        "CO": {
            "concentration": 360.49,
            "aqi": 4
        },
        "NO2": {
            "concentration": 26.39,
            "aqi": 32
        },
        "O3": {
            "concentration": 43.63,
            "aqi": 36
        },
        "SO2": {
            "concentration": 4.47,
            "aqi": 6
        },
        "PM2.5": {
            "concentration": 11.41,
            "aqi": 37
        },
        "PM10": {
            "concentration": 14.03,
            "aqi": 12
        },
        "overall_aqi": 37
    },
    "Berwyn Heights": {
        "CO": {
            "concentration": 360.49,
            "aqi": 4
        },
        "NO2": {
            "concentration": 26.39,
            "aqi": 32
        },
        "O3": {
            "concentration": 43.63,
            "aqi": 36
        },
        "SO2": {
            "concentration": 4.47,
            "aqi": 6
        },
        "PM2.5": {
            "concentration": 11.41,
            "aqi": 37
        },
        "PM10": {
            "concentration": 14.03,
            "aqi": 12
        },
        "overall_aqi": 37
    },
    "New Carrollton": {
        "CO": {
            "concentration": 360.49,
            "aqi": 4
        },
        "NO2": {
            "concentration": 26.39,
            "aqi": 32
        },
        "O3": {
            "concentration": 43.63,
            "aqi": 36
        },
        "SO2": {
            "concentration": 4.47,
            "aqi": 6
        },
        "PM2.5": {
            "concentration": 11.41,
            "aqi": 37
        },
        "PM10": {
            "concentration": 14.03,
            "aqi": 12
        },
        "overall_aqi": 37
    },
    "Glenarden": {
        "CO": {
            "concentration": 360.49,
            "aqi": 4
        },
        "NO2": {
            "concentration": 26.39,
            "aqi": 32
        },
        "O3": {
            "concentration": 43.63,
            "aqi": 36
        },
        "SO2": {
            "concentration": 4.47,
            "aqi": 6
        },
        "PM2.5": {
            "concentration": 11.41,
            "aqi": 37
        },
        "PM10": {
            "concentration": 14.03,
            "aqi": 12
        },
        "overall_aqi": 37
    },
    "Brentwood": {
        "CO": {
            "concentration": 540.73,
            "aqi": 6
        },
        "NO2": {
            "concentration": 69.92,
            "aqi": 87
        },
        "O3": {
            "concentration": 8.76,
            "aqi": 7
        },
        "SO2": {
            "concentration": 4.47,
            "aqi": 6
        },
        "PM2.5": {
            "concentration": 19.28,
            "aqi": 57
        },
        "PM10": {
            "concentration": 25.48,
            "aqi": 23
        },
        "overall_aqi": 87
    },
    "Capitol Heights": {
        "CO": {
            "concentration": 360.49,
            "aqi": 4
        },
        "NO2": {
            "concentration": 26.39,
            "aqi": 32
        },
        "O3": {
            "concentration": 43.63,
            "aqi": 36
        },
        "SO2": {
            "concentration": 4.47,
            "aqi": 6
        },
        "PM2.5": {
            "concentration": 11.41,
            "aqi": 37
        },
        "PM10": {
            "concentration": 14.03,
            "aqi": 12
        },
        "overall_aqi": 37
    },
    "Colmar Manor": {
        "CO": {
            "concentration": 360.49,
            "aqi": 4
        },
        "NO2": {
            "concentration": 26.39,
            "aqi": 32
        },
        "O3": {
            "concentration": 43.63,
            "aqi": 36
        },
        "SO2": {
            "concentration": 4.47,
            "aqi": 6
        },
        "PM2.5": {
            "concentration": 11.41,
            "aqi": 37
        },
        "PM10": {
            "concentration": 14.03,
            "aqi": 12
        },
        "overall_aqi": 37
    },
    "Cottage City": {
        "CO": {
            "concentration": 360.49,
            "aqi": 4
        },
        "NO2": {
            "concentration": 26.39,
            "aqi": 32
        },
        "O3": {
            "concentration": 43.63,
            "aqi": 36
        },
        "SO2": {
            "concentration": 4.47,
            "aqi": 6
        },
        "PM2.5": {
            "concentration": 11.41,
            "aqi": 37
        },
        "PM10": {
            "concentration": 14.03,
            "aqi": 12
        },
        "overall_aqi": 37
    },
    "Cheverly": {
        "CO": {
            "concentration": 360.49,
            "aqi": 4
        },
        "NO2": {
            "concentration": 26.39,
            "aqi": 32
        },
        "O3": {
            "concentration": 43.63,
            "aqi": 36
        },
        "SO2": {
            "concentration": 4.47,
            "aqi": 6
        },
        "PM2.5": {
            "concentration": 11.41,
            "aqi": 37
        },
        "PM10": {
            "concentration": 14.03,
            "aqi": 12
        },
        "overall_aqi": 37
    },
    "Edmonston": {
        "CO": {
            "concentration": 360.49,
            "aqi": 4
        },
        "NO2": {
            "concentration": 26.39,
            "aqi": 32
        },
        "O3": {
            "concentration": 43.63,
            "aqi": 36
        },
        "SO2": {
            "concentration": 4.47,
            "aqi": 6
        },
        "PM2.5": {
            "concentration": 11.41,
            "aqi": 37
        },
        "PM10": {
            "concentration": 14.03,
            "aqi": 12
        },
        "overall_aqi": 37
    },
    "Fairmount Heights": {
        "CO": {
            "concentration": 360.49,
            "aqi": 4
        },
        "NO2": {
            "concentration": 26.39,
            "aqi": 32
        },
        "O3": {
            "concentration": 43.63,
            "aqi": 36
        },
        "SO2": {
            "concentration": 4.47,
            "aqi": 6
        },
        "PM2.5": {
            "concentration": 11.41,
            "aqi": 37
        },
        "PM10": {
            "concentration": 14.03,
            "aqi": 12
        },
        "overall_aqi": 37
    },
    "Forest Heights": {
        "CO": {
            "concentration": 260.35,
            "aqi": 2
        },
        "NO2": {
            "concentration": 6,
            "aqi": 7
        },
        "O3": {
            "concentration": 42.92,
            "aqi": 36
        },
        "SO2": {
            "concentration": 1.13,
            "aqi": 1
        },
        "PM2.5": {
            "concentration": 0.76,
            "aqi": 2
        },
        "PM10": {
            "concentration": 1.09,
            "aqi": 1
        },
        "overall_aqi": 36
    },
    "Landover Hills": {
        "CO": {
            "concentration": 360.49,
            "aqi": 4
        },
        "NO2": {
            "concentration": 26.39,
            "aqi": 32
        },
        "O3": {
            "concentration": 43.63,
            "aqi": 36
        },
        "SO2": {
            "concentration": 4.47,
            "aqi": 6
        },
        "PM2.5": {
            "concentration": 11.41,
            "aqi": 37
        },
        "PM10": {
            "concentration": 14.03,
            "aqi": 12
        },
        "overall_aqi": 37
    },
    "Morningside": {
        "CO": {
            "concentration": 226.97,
            "aqi": 2
        },
        "NO2": {
            "concentration": 13.37,
            "aqi": 16
        },
        "O3": {
            "concentration": 21.28,
            "aqi": 18
        },
        "SO2": {
            "concentration": 2.74,
            "aqi": 4
        },
        "PM2.5": {
            "concentration": 2.43,
            "aqi": 7
        },
        "PM10": {
            "concentration": 2.89,
            "aqi": 2
        },
        "overall_aqi": 18
    },
    "North Brentwood": {
        "CO": {
            "concentration": 360.49,
            "aqi": 4
        },
        "NO2": {
            "concentration": 26.39,
            "aqi": 32
        },
        "O3": {
            "concentration": 43.63,
            "aqi": 36
        },
        "SO2": {
            "concentration": 4.47,
            "aqi": 6
        },
        "PM2.5": {
            "concentration": 11.41,
            "aqi": 37
        },
        "PM10": {
            "concentration": 14.03,
            "aqi": 12
        },
        "overall_aqi": 37
    },
    "Seat Pleasant": {
        "CO": {
            "concentration": 360.49,
            "aqi": 4
        },
        "NO2": {
            "concentration": 26.39,
            "aqi": 32
        },
        "O3": {
            "concentration": 43.63,
            "aqi": 36
        },
        "SO2": {
            "concentration": 4.47,
            "aqi": 6
        },
        "PM2.5": {
            "concentration": 11.41,
            "aqi": 37
        },
        "PM10": {
            "concentration": 14.03,
            "aqi": 12
        },
        "overall_aqi": 37
    },
    "University Park": {
        "CO": {
            "concentration": 397.21,
            "aqi": 4
        },
        "NO2": {
            "concentration": 35.64,
            "aqi": 44
        },
        "O3": {
            "concentration": 23.25,
            "aqi": 19
        },
        "SO2": {
            "concentration": 1.8,
            "aqi": 2
        },
        "PM2.5": {
            "concentration": 6.49,
            "aqi": 21
        },
        "PM10": {
            "concentration": 13.07,
            "aqi": 12
        },
        "overall_aqi": 44
    },
    "Upper Marlboro": {
        "CO": {
            "concentration": 413.9,
            "aqi": 4
        },
        "NO2": {
            "concentration": 39.41,
            "aqi": 49
        },
        "O3": {
            "concentration": 30.4,
            "aqi": 25
        },
        "SO2": {
            "concentration": 4.17,
            "aqi": 6
        },
        "PM2.5": {
            "concentration": 13.33,
            "aqi": 43
        },
        "PM10": {
            "concentration": 16.51,
            "aqi": 15
        },
        "overall_aqi": 49
    },
    "Vienna": {
        "CO": {
            "concentration": 230.31,
            "aqi": 2
        },
        "NO2": {
            "concentration": 3.13,
            "aqi": 3
        },
        "O3": {
            "concentration": 68.67,
            "aqi": 80
        },
        "SO2": {
            "concentration": 0.57,
            "aqi": 0
        },
        "PM2.5": {
            "concentration": 0.5,
            "aqi": 1
        },
        "PM10": {
            "concentration": 0.85,
            "aqi": 0
        },
        "overall_aqi": 80
    },
    "Falls Church": {
        "CO": {
            "concentration": 293.73,
            "aqi": 3
        },
        "NO2": {
            "concentration": 13.02,
            "aqi": 16
        },
        "O3": {
            "concentration": 62.94,
            "aqi": 62
        },
        "SO2": {
            "concentration": 4.47,
            "aqi": 6
        },
        "PM2.5": {
            "concentration": 9.21,
            "aqi": 29
        },
        "PM10": {
            "concentration": 11.43,
            "aqi": 10
        },
        "overall_aqi": 62
    },
    "Manassas": {
        "CO": {
            "concentration": 263.69,
            "aqi": 2
        },
        "NO2": {
            "concentration": 5.66,
            "aqi": 7
        },
        "O3": {
            "concentration": 74.39,
            "aqi": 98
        },
        "SO2": {
            "concentration": 5.13,
            "aqi": 7
        },
        "PM2.5": {
            "concentration": 7.86,
            "aqi": 25
        },
        "PM10": {
            "concentration": 9.37,
            "aqi": 8
        },
        "overall_aqi": 98
    },
    "Leesburg": {
        "CO": {
            "concentration": 236.99,
            "aqi": 2
        },
        "NO2": {
            "concentration": 2.57,
            "aqi": 3
        },
        "O3": {
            "concentration": 64.37,
            "aqi": 66
        },
        "SO2": {
            "concentration": 0.72,
            "aqi": 1
        },
        "PM2.5": {
            "concentration": 3.08,
            "aqi": 10
        },
        "PM10": {
            "concentration": 4.74,
            "aqi": 4
        },
        "overall_aqi": 66
    },
    "Herndon": {
        "CO": {
            "concentration": 213.62,
            "aqi": 2
        },
        "NO2": {
            "concentration": 1.33,
            "aqi": 1
        },
        "O3": {
            "concentration": 80.82,
            "aqi": 114
        },
        "SO2": {
            "concentration": 0.28,
            "aqi": 0
        },
        "PM2.5": {
            "concentration": 3.35,
            "aqi": 10
        },
        "PM10": {
            "concentration": 5.86,
            "aqi": 5
        },
        "overall_aqi": 114
    },
    "Purcellville": {
        "CO": {
            "concentration": 267.03,
            "aqi": 3
        },
        "NO2": {
            "concentration": 6.51,
            "aqi": 8
        },
        "O3": {
            "concentration": 70.1,
            "aqi": 84
        },
        "SO2": {
            "concentration": 5.66,
            "aqi": 8
        },
        "PM2.5": {
            "concentration": 8.81,
            "aqi": 28
        },
        "PM10": {
            "concentration": 10.54,
            "aqi": 9
        },
        "overall_aqi": 84
    },
    "Warrenton": {
        "CO": {
            "concentration": 257.02,
            "aqi": 2
        },
        "NO2": {
            "concentration": 4.84,
            "aqi": 6
        },
        "O3": {
            "concentration": 74.39,
            "aqi": 98
        },
        "SO2": {
            "concentration": 5.07,
            "aqi": 7
        },
        "PM2.5": {
            "concentration": 7.56,
            "aqi": 24
        },
        "PM10": {
            "concentration": 9.1,
            "aqi": 8
        },
        "overall_aqi": 98
    },
    "Culpeper": {
        "CO": {
            "concentration": 257.02,
            "aqi": 2
        },
        "NO2": {
            "concentration": 4.76,
            "aqi": 5
        },
        "O3": {
            "concentration": 55.08,
            "aqi": 46
        },
        "SO2": {
            "concentration": 0.6,
            "aqi": 0
        },
        "PM2.5": {
            "concentration": 7.21,
            "aqi": 23
        },
        "PM10": {
            "concentration": 9.12,
            "aqi": 8
        },
        "overall_aqi": 46
    },
    "Winchester": {
        "CO": {
            "concentration": 213.62,
            "aqi": 2
        },
        "NO2": {
            "concentration": 0.85,
            "aqi": 1
        },
        "O3": {
            "concentration": 72.96,
            "aqi": 93
        },
        "SO2": {
            "concentration": 0.21,
            "aqi": 0
        },
        "PM2.5": {
            "concentration": 0.8,
            "aqi": 2
        },
        "PM10": {
            "concentration": 1.78,
            "aqi": 1
        },
        "overall_aqi": 93
    },
    "Front Royal": {
        "CO": {
            "concentration": 267.03,
            "aqi": 3
        },
        "NO2": {
            "concentration": 7.45,
            "aqi": 9
        },
        "O3": {
            "concentration": 67.95,
            "aqi": 77
        },
        "SO2": {
            "concentration": 3.87,
            "aqi": 5
        },
        "PM2.5": {
            "concentration": 8.58,
            "aqi": 27
        },
        "PM10": {
            "concentration": 10.41,
            "aqi": 9
        },
        "overall_aqi": 77
    },
    "Strasburg": {
        "CO": {
            "concentration": 208.62,
            "aqi": 2
        },
        "NO2": {
            "concentration": 1.22,
            "aqi": 1
        },
        "O3": {
            "concentration": 62.23,
            "aqi": 60
        },
        "SO2": {
            "concentration": 0.23,
            "aqi": 0
        },
        "PM2.5": {
            "concentration": 1.43,
            "aqi": 4
        },
        "PM10": {
            "concentration": 2.16,
            "aqi": 2
        },
        "overall_aqi": 60
    },
    "Woodstock": {
        "CO": {
            "concentration": 287.06,
            "aqi": 3
        },
        "NO2": {
            "concentration": 5.44,
            "aqi": 6
        },
        "O3": {
            "concentration": 62.94,
            "aqi": 62
        },
        "SO2": {
            "concentration": 1.74,
            "aqi": 2
        },
        "PM2.5": {
            "concentration": 5.13,
            "aqi": 16
        },
        "PM10": {
            "concentration": 5.68,
            "aqi": 5
        },
        "overall_aqi": 62
    },
    "Luray": {
        "CO": {
            "concentration": 211.95,
            "aqi": 2
        },
        "NO2": {
            "concentration": 0.86,
            "aqi": 1
        },
        "O3": {
            "concentration": 60.08,
            "aqi": 53
        },
        "SO2": {
            "concentration": 0.22,
            "aqi": 0
        },
        "PM2.5": {
            "concentration": 5.58,
            "aqi": 18
        },
        "PM10": {
            "concentration": 10.05,
            "aqi": 9
        },
        "overall_aqi": 53
    },
    "Berryville": {
        "CO": {
            "concentration": 243.66,
            "aqi": 2
        },
        "NO2": {
            "concentration": 4.54,
            "aqi": 5
        },
        "O3": {
            "concentration": 31.11,
            "aqi": 26
        },
        "SO2": {
            "concentration": 0.05,
            "aqi": 0
        },
        "PM2.5": {
            "concentration": 7.67,
            "aqi": 24
        },
        "PM10": {
            "concentration": 10.49,
            "aqi": 9
        },
        "overall_aqi": 26
    },
    "Middleburg": {
        "CO": {
            "concentration": 263.69,
            "aqi": 2
        },
        "NO2": {
            "concentration": 5.74,
            "aqi": 7
        },
        "O3": {
            "concentration": 73.67,
            "aqi": 95
        },
        "SO2": {
            "concentration": 5.48,
            "aqi": 8
        },
        "PM2.5": {
            "concentration": 8.38,
            "aqi": 27
        },
        "PM10": {
            "concentration": 10.07,
            "aqi": 9
        },
        "overall_aqi": 95
    },
    "Dumfries": {
        "CO": {
            "concentration": 185.25,
            "aqi": 2
        },
        "NO2": {
            "concentration": 2.04,
            "aqi": 2
        },
        "O3": {
            "concentration": 20.39,
            "aqi": 17
        },
        "SO2": {
            "concentration": 0.06,
            "aqi": 0
        },
        "PM2.5": {
            "concentration": 0.5,
            "aqi": 1
        },
        "PM10": {
            "concentration": 0.57,
            "aqi": 0
        },
        "overall_aqi": 17
    },
    "Occoquan": {
        "CO": {
            "concentration": 280.38,
            "aqi": 3
        },
        "NO2": {
            "concentration": 9,
            "aqi": 11
        },
        "O3": {
            "concentration": 69.38,
            "aqi": 82
        },
        "SO2": {
            "concentration": 4.65,
            "aqi": 6
        },
        "PM2.5": {
            "concentration": 8.44,
            "aqi": 27
        },
        "PM10": {
            "concentration": 10.46,
            "aqi": 9
        },
        "overall_aqi": 82
    },
    "Haymarket": {
        "CO": {
            "concentration": 263.69,
            "aqi": 2
        },
        "NO2": {
            "concentration": 5.74,
            "aqi": 7
        },
        "O3": {
            "concentration": 73.67,
            "aqi": 95
        },
        "SO2": {
            "concentration": 5.48,
            "aqi": 8
        },
        "PM2.5": {
            "concentration": 8.38,
            "aqi": 27
        },
        "PM10": {
            "concentration": 10.07,
            "aqi": 9
        },
        "overall_aqi": 95
    },
    "Clifton": {
        "CO": {
            "concentration": 407.22,
            "aqi": 4
        },
        "NO2": {
            "concentration": 37.7,
            "aqi": 47
        },
        "O3": {
            "concentration": 32.19,
            "aqi": 27
        },
        "SO2": {
            "concentration": 3.46,
            "aqi": 5
        },
        "PM2.5": {
            "concentration": 16.96,
            "aqi": 53
        },
        "PM10": {
            "concentration": 21.53,
            "aqi": 19
        },
        "overall_aqi": 53
    },
    "Quantico": {
        "CO": {
            "concentration": 277.04,
            "aqi": 3
        },
        "NO2": {
            "concentration": 6.34,
            "aqi": 7
        },
        "O3": {
            "concentration": 63.66,
            "aqi": 64
        },
        "SO2": {
            "concentration": 2.38,
            "aqi": 3
        },
        "PM2.5": {
            "concentration": 8.04,
            "aqi": 26
        },
        "PM10": {
            "concentration": 9.88,
            "aqi": 9
        },
        "overall_aqi": 64
    },
    "Hamilton": {
        "CO": {
            "concentration": 250.34,
            "aqi": 2
        },
        "NO2": {
            "concentration": 1.99,
            "aqi": 2
        },
        "O3": {
            "concentration": 60.8,
            "aqi": 55
        },
        "SO2": {
            "concentration": 0.52,
            "aqi": 0
        },
        "PM2.5": {
            "concentration": 0.5,
            "aqi": 1
        },
        "PM10": {
            "concentration": 0.79,
            "aqi": 0
        },
        "overall_aqi": 55
    },
    "Hillsboro": {
        "CO": {
            "concentration": 243.66,
            "aqi": 2
        },
        "NO2": {
            "concentration": 8.91,
            "aqi": 11
        },
        "O3": {
            "concentration": 52.21,
            "aqi": 44
        },
        "SO2": {
            "concentration": 1.36,
            "aqi": 2
        },
        "PM2.5": {
            "concentration": 0.99,
            "aqi": 3
        },
        "PM10": {
            "concentration": 2.01,
            "aqi": 1
        },
        "overall_aqi": 44
    },
    "Lovettsville": {
        "CO": {
            "concentration": 273.71,
            "aqi": 3
        },
        "NO2": {
            "concentration": 7.28,
            "aqi": 9
        },
        "O3": {
            "concentration": 66.52,
            "aqi": 73
        },
        "SO2": {
            "concentration": 4.95,
            "aqi": 7
        },
        "PM2.5": {
            "concentration": 8.82,
            "aqi": 28
        },
        "PM10": {
            "concentration": 10.36,
            "aqi": 9
        },
        "overall_aqi": 73
    },
    "Round Hill": {
        "CO": {
            "concentration": 267.03,
            "aqi": 3
        },
        "NO2": {
            "concentration": 6.51,
            "aqi": 8
        },
        "O3": {
            "concentration": 70.1,
            "aqi": 84
        },
        "SO2": {
            "concentration": 5.66,
            "aqi": 8
        },
        "PM2.5": {
            "concentration": 8.81,
            "aqi": 28
        },
        "PM10": {
            "concentration": 10.54,
            "aqi": 9
        },
        "overall_aqi": 84
    },
    "Ashburn": {
        "CO": {
            "concentration": 267.03,
            "aqi": 3
        },
        "NO2": {
            "concentration": 7.03,
            "aqi": 8
        },
        "O3": {
            "concentration": 69.38,
            "aqi": 82
        },
        "SO2": {
            "concentration": 5.36,
            "aqi": 7
        },
        "PM2.5": {
            "concentration": 8.71,
            "aqi": 28
        },
        "PM10": {
            "concentration": 10.37,
            "aqi": 9
        },
        "overall_aqi": 82
    },
    "Chantilly": {
        "CO": {
            "concentration": 226.97,
            "aqi": 2
        },
        "NO2": {
            "concentration": 3.26,
            "aqi": 4
        },
        "O3": {
            "concentration": 58.65,
            "aqi": 49
        },
        "SO2": {
            "concentration": 0.83,
            "aqi": 1
        },
        "PM2.5": {
            "concentration": 5.46,
            "aqi": 17
        },
        "PM10": {
            "concentration": 10.71,
            "aqi": 9
        },
        "overall_aqi": 49
    },
    "Sterling": {
        "CO": {
            "concentration": 303.75,
            "aqi": 3
        },
        "NO2": {
            "concentration": 14.22,
            "aqi": 17
        },
        "O3": {
            "concentration": 16.99,
            "aqi": 14
        },
        "SO2": {
            "concentration": 0.06,
            "aqi": 0
        },
        "PM2.5": {
            "concentration": 3.1,
            "aqi": 10
        },
        "PM10": {
            "concentration": 4.04,
            "aqi": 3
        },
        "overall_aqi": 17
    },
    "Great Falls": {
        "CO": {
            "concentration": 233.65,
            "aqi": 2
        },
        "NO2": {
            "concentration": 5.91,
            "aqi": 7
        },
        "O3": {
            "concentration": 67.95,
            "aqi": 77
        },
        "SO2": {
            "concentration": 0.07,
            "aqi": 0
        },
        "PM2.5": {
            "concentration": 3.85,
            "aqi": 12
        },
        "PM10": {
            "concentration": 6.49,
            "aqi": 6
        },
        "overall_aqi": 77
    },
    "McLean": {
        "CO": {
            "concentration": 293.73,
            "aqi": 3
        },
        "NO2": {
            "concentration": 13.02,
            "aqi": 16
        },
        "O3": {
            "concentration": 62.94,
            "aqi": 62
        },
        "SO2": {
            "concentration": 4.47,
            "aqi": 6
        },
        "PM2.5": {
            "concentration": 9.21,
            "aqi": 29
        },
        "PM10": {
            "concentration": 11.43,
            "aqi": 10
        },
        "overall_aqi": 62
    },
    "Tysons": {
        "CO": {
            "concentration": 273.71,
            "aqi": 3
        },
        "NO2": {
            "concentration": 8.74,
            "aqi": 10
        },
        "O3": {
            "concentration": 69.38,
            "aqi": 82
        },
        "SO2": {
            "concentration": 4.95,
            "aqi": 7
        },
        "PM2.5": {
            "concentration": 8.53,
            "aqi": 27
        },
        "PM10": {
            "concentration": 10.41,
            "aqi": 9
        },
        "overall_aqi": 82
    },
    "Burke": {
        "CO": {
            "concentration": 250.34,
            "aqi": 2
        },
        "NO2": {
            "concentration": 3.3,
            "aqi": 4
        },
        "O3": {
            "concentration": 40.41,
            "aqi": 34
        },
        "SO2": {
            "concentration": 0.45,
            "aqi": 0
        },
        "PM2.5": {
            "concentration": 11.75,
            "aqi": 38
        },
        "PM10": {
            "concentration": 12.58,
            "aqi": 11
        },
        "overall_aqi": 38
    },
    "Springfield": {
        "CO": {
            "concentration": 300.41,
            "aqi": 3
        },
        "NO2": {
            "concentration": 12.68,
            "aqi": 15
        },
        "O3": {
            "concentration": 21.99,
            "aqi": 18
        },
        "SO2": {
            "concentration": 0.29,
            "aqi": 0
        },
        "PM2.5": {
            "concentration": 4.15,
            "aqi": 13
        },
        "PM10": {
            "concentration": 5.92,
            "aqi": 5
        },
        "overall_aqi": 18
    },
    "Lorton": {
        "CO": {
            "concentration": 280.38,
            "aqi": 3
        },
        "NO2": {
            "concentration": 9,
            "aqi": 11
        },
        "O3": {
            "concentration": 69.38,
            "aqi": 82
        },
        "SO2": {
            "concentration": 4.65,
            "aqi": 6
        },
        "PM2.5": {
            "concentration": 8.44,
            "aqi": 27
        },
        "PM10": {
            "concentration": 10.46,
            "aqi": 9
        },
        "overall_aqi": 82
    },
    "Mount Vernon": {
        "CO": {
            "concentration": 293.73,
            "aqi": 3
        },
        "NO2": {
            "concentration": 10.63,
            "aqi": 13
        },
        "O3": {
            "concentration": 41.84,
            "aqi": 35
        },
        "SO2": {
            "concentration": 1,
            "aqi": 1
        },
        "PM2.5": {
            "concentration": 4.8,
            "aqi": 15
        },
        "PM10": {
            "concentration": 5.65,
            "aqi": 5
        },
        "overall_aqi": 35
    },
    "Annandale": {
        "CO": {
            "concentration": 253.68,
            "aqi": 2
        },
        "NO2": {
            "concentration": 4.54,
            "aqi": 5
        },
        "O3": {
            "concentration": 55.08,
            "aqi": 46
        },
        "SO2": {
            "concentration": 0.31,
            "aqi": 0
        },
        "PM2.5": {
            "concentration": 1.29,
            "aqi": 4
        },
        "PM10": {
            "concentration": 1.79,
            "aqi": 1
        },
        "overall_aqi": 46
    },
    "Oakton": {
        "CO": {
            "concentration": 273.71,
            "aqi": 3
        },
        "NO2": {
            "concentration": 8.74,
            "aqi": 10
        },
        "O3": {
            "concentration": 69.38,
            "aqi": 82
        },
        "SO2": {
            "concentration": 4.95,
            "aqi": 7
        },
        "PM2.5": {
            "concentration": 8.53,
            "aqi": 27
        },
        "PM10": {
            "concentration": 10.41,
            "aqi": 9
        },
        "overall_aqi": 82
    },
    "Centreville": {
        "CO": {
            "concentration": 263.69,
            "aqi": 2
        },
        "NO2": {
            "concentration": 6,
            "aqi": 7
        },
        "O3": {
            "concentration": 73.67,
            "aqi": 95
        },
        "SO2": {
            "concentration": 5.66,
            "aqi": 8
        },
        "PM2.5": {
            "concentration": 8.33,
            "aqi": 27
        },
        "PM10": {
            "concentration": 9.99,
            "aqi": 9
        },
        "overall_aqi": 95
    },
    "Manassas Park": {
        "CO": {
            "concentration": 263.69,
            "aqi": 2
        },
        "NO2": {
            "concentration": 5.66,
            "aqi": 7
        },
        "O3": {
            "concentration": 74.39,
            "aqi": 98
        },
        "SO2": {
            "concentration": 5.13,
            "aqi": 7
        },
        "PM2.5": {
            "concentration": 7.86,
            "aqi": 25
        },
        "PM10": {
            "concentration": 9.37,
            "aqi": 8
        },
        "overall_aqi": 98
    },
    "Gainesville": {
        "CO": {
            "concentration": 240.33,
            "aqi": 2
        },
        "NO2": {
            "concentration": 2.7,
            "aqi": 3
        },
        "O3": {
            "concentration": 80.82,
            "aqi": 114
        },
        "SO2": {
            "concentration": 2.06,
            "aqi": 3
        },
        "PM2.5": {
            "concentration": 6.28,
            "aqi": 20
        },
        "PM10": {
            "concentration": 13.03,
            "aqi": 12
        },
        "overall_aqi": 114
    },
    "Bristow": {
        "CO": {
            "concentration": 300.41,
            "aqi": 3
        },
        "NO2": {
            "concentration": 12.17,
            "aqi": 15
        },
        "O3": {
            "concentration": 43.99,
            "aqi": 37
        },
        "SO2": {
            "concentration": 0.19,
            "aqi": 0
        },
        "PM2.5": {
            "concentration": 3.62,
            "aqi": 11
        },
        "PM10": {
            "concentration": 4.34,
            "aqi": 4
        },
        "overall_aqi": 37
    },
    "Nokesville": {
        "CO": {
            "concentration": 263.69,
            "aqi": 2
        },
        "NO2": {
            "concentration": 5.66,
            "aqi": 7
        },
        "O3": {
            "concentration": 74.39,
            "aqi": 98
        },
        "SO2": {
            "concentration": 5.13,
            "aqi": 7
        },
        "PM2.5": {
            "concentration": 7.86,
            "aqi": 25
        },
        "PM10": {
            "concentration": 9.37,
            "aqi": 8
        },
        "overall_aqi": 98
    },
    "Dale City": {
        "CO": {
            "concentration": 280.38,
            "aqi": 3
        },
        "NO2": {
            "concentration": 9,
            "aqi": 11
        },
        "O3": {
            "concentration": 69.38,
            "aqi": 82
        },
        "SO2": {
            "concentration": 4.65,
            "aqi": 6
        },
        "PM2.5": {
            "concentration": 8.44,
            "aqi": 27
        },
        "PM10": {
            "concentration": 10.46,
            "aqi": 9
        },
        "overall_aqi": 82
    },
    "Woodbridge": {
        "CO": {
            "concentration": 433.92,
            "aqi": 4
        },
        "NO2": {
            "concentration": 45.93,
            "aqi": 57
        },
        "O3": {
            "concentration": 28.97,
            "aqi": 24
        },
        "SO2": {
            "concentration": 3.64,
            "aqi": 5
        },
        "PM2.5": {
            "concentration": 18.03,
            "aqi": 55
        },
        "PM10": {
            "concentration": 22.26,
            "aqi": 20
        },
        "overall_aqi": 57
    },
    "Stafford": {
        "CO": {
            "concentration": 216.96,
            "aqi": 2
        },
        "NO2": {
            "concentration": 0.72,
            "aqi": 0
        },
        "O3": {
            "concentration": 74.39,
            "aqi": 98
        },
        "SO2": {
            "concentration": 0.28,
            "aqi": 0
        },
        "PM2.5": {
            "concentration": 0.5,
            "aqi": 1
        },
        "PM10": {
            "concentration": 0.9,
            "aqi": 0
        },
        "overall_aqi": 98
    },
    "Fredericksburg": {
        "CO": {
            "concentration": 283.72,
            "aqi": 3
        },
        "NO2": {
            "concentration": 6,
            "aqi": 7
        },
        "O3": {
            "concentration": 47.21,
            "aqi": 40
        },
        "SO2": {
            "concentration": 0.47,
            "aqi": 0
        },
        "PM2.5": {
            "concentration": 8.7,
            "aqi": 28
        },
        "PM10": {
            "concentration": 9.71,
            "aqi": 8
        },
        "overall_aqi": 40
    },
    "Potomac": {
        "CO": {
            "concentration": 270.37,
            "aqi": 3
        },
        "NO2": {
            "concentration": 7.37,
            "aqi": 9
        },
        "O3": {
            "concentration": 67.95,
            "aqi": 77
        },
        "SO2": {
            "concentration": 4.59,
            "aqi": 6
        },
        "PM2.5": {
            "concentration": 8.47,
            "aqi": 27
        },
        "PM10": {
            "concentration": 10.28,
            "aqi": 9
        },
        "overall_aqi": 77
    },
    "Ellicott City": {
        "CO": {
            "concentration": 293.73,
            "aqi": 3
        },
        "NO2": {
            "concentration": 10.2,
            "aqi": 12
        },
        "O3": {
            "concentration": 61.51,
            "aqi": 57
        },
        "SO2": {
            "concentration": 3.55,
            "aqi": 5
        },
        "PM2.5": {
            "concentration": 8.35,
            "aqi": 27
        },
        "PM10": {
            "concentration": 10.76,
            "aqi": 9
        },
        "overall_aqi": 57
    },
    "Germantown": {
        "CO": {
            "concentration": 297.07,
            "aqi": 3
        },
        "NO2": {
            "concentration": 11.65,
            "aqi": 14
        },
        "O3": {
            "concentration": 36.48,
            "aqi": 30
        },
        "SO2": {
            "concentration": 1.12,
            "aqi": 1
        },
        "PM2.5": {
            "concentration": 5.31,
            "aqi": 17
        },
        "PM10": {
            "concentration": 6.57,
            "aqi": 6
        },
        "overall_aqi": 30
    },
    "Waldorf": {
        "CO": {
            "concentration": 216.96,
            "aqi": 2
        },
        "NO2": {
            "concentration": 1.35,
            "aqi": 1
        },
        "O3": {
            "concentration": 70.81,
            "aqi": 86
        },
        "SO2": {
            "concentration": 0.49,
            "aqi": 0
        },
        "PM2.5": {
            "concentration": 1.25,
            "aqi": 4
        },
        "PM10": {
            "concentration": 2.77,
            "aqi": 2
        },
        "overall_aqi": 86
    },
    "Lanham": {
        "CO": {
            "concentration": 277.04,
            "aqi": 3
        },
        "NO2": {
            "concentration": 6.51,
            "aqi": 8
        },
        "O3": {
            "concentration": 58.65,
            "aqi": 49
        },
        "SO2": {
            "concentration": 1.34,
            "aqi": 1
        },
        "PM2.5": {
            "concentration": 10.5,
            "aqi": 34
        },
        "PM10": {
            "concentration": 12.1,
            "aqi": 11
        },
        "overall_aqi": 49
    },
    "Beltsville": {
        "CO": {
            "concentration": 300.41,
            "aqi": 3
        },
        "NO2": {
            "concentration": 11.82,
            "aqi": 14
        },
        "O3": {
            "concentration": 60.08,
            "aqi": 53
        },
        "SO2": {
            "concentration": 4.35,
            "aqi": 6
        },
        "PM2.5": {
            "concentration": 8.91,
            "aqi": 28
        },
        "PM10": {
            "concentration": 11.12,
            "aqi": 10
        },
        "overall_aqi": 53
    },
    "Crofton": {
        "CO": {
            "concentration": 323.77,
            "aqi": 3
        },
        "NO2": {
            "concentration": 16.28,
            "aqi": 20
        },
        "O3": {
            "concentration": 52.93,
            "aqi": 44
        },
        "SO2": {
            "concentration": 3.82,
            "aqi": 5
        },
        "PM2.5": {
            "concentration": 9.27,
            "aqi": 30
        },
        "PM10": {
            "concentration": 11.96,
            "aqi": 11
        },
        "overall_aqi": 44
    },
    "Oxon Hill": {
        "CO": {
            "concentration": 360.49,
            "aqi": 4
        },
        "NO2": {
            "concentration": 26.39,
            "aqi": 32
        },
        "O3": {
            "concentration": 43.63,
            "aqi": 36
        },
        "SO2": {
            "concentration": 4.47,
            "aqi": 6
        },
        "PM2.5": {
            "concentration": 11.41,
            "aqi": 37
        },
        "PM10": {
            "concentration": 14.03,
            "aqi": 12
        },
        "overall_aqi": 37
    },
    "Sykesville": {
        "CO": {
            "concentration": 283.72,
            "aqi": 3
        },
        "NO2": {
            "concentration": 9.25,
            "aqi": 11
        },
        "O3": {
            "concentration": 62.94,
            "aqi": 62
        },
        "SO2": {
            "concentration": 3.93,
            "aqi": 5
        },
        "PM2.5": {
            "concentration": 8.44,
            "aqi": 27
        },
        "PM10": {
            "concentration": 10.5,
            "aqi": 9
        },
        "overall_aqi": 62
    },
    "Olney": {
        "CO": {
            "concentration": 253.68,
            "aqi": 2
        },
        "NO2": {
            "concentration": 6,
            "aqi": 7
        },
        "O3": {
            "concentration": 28.97,
            "aqi": 24
        },
        "SO2": {
            "concentration": 0.03,
            "aqi": 0
        },
        "PM2.5": {
            "concentration": 5.09,
            "aqi": 16
        },
        "PM10": {
            "concentration": 5.66,
            "aqi": 5
        },
        "overall_aqi": 24
    },
    "Georgetown": {
        "CO": {
            "concentration": 181.91,
            "aqi": 2
        },
        "NO2": {
            "concentration": 0.03,
            "aqi": 0
        },
        "O3": {
            "concentration": 60.08,
            "aqi": 53
        },
        "SO2": {
            "concentration": 0.1,
            "aqi": 0
        },
        "PM2.5": {
            "concentration": 2.49,
            "aqi": 8
        },
        "PM10": {
            "concentration": 7.9,
            "aqi": 7
        },
        "overall_aqi": 53
    },
    "Dupont Circle": {
        "CO": {
            "concentration": 293.73,
            "aqi": 3
        },
        "NO2": {
            "concentration": 13.02,
            "aqi": 16
        },
        "O3": {
            "concentration": 62.94,
            "aqi": 62
        },
        "SO2": {
            "concentration": 4.47,
            "aqi": 6
        },
        "PM2.5": {
            "concentration": 9.21,
            "aqi": 29
        },
        "PM10": {
            "concentration": 11.43,
            "aqi": 10
        },
        "overall_aqi": 62
    }
}