{"title":"Clustering","markdown":{"yaml":{"title":"Clustering","format":{"html":{"code-fold":true,"code-summary":"Show the code"}}},"headingText":"**Introduction**","containsRefs":false,"markdown":"\n\n\nThe feature data 'X' consists of various details about cars, excluding the type of fuel they use, which is represented by the target variable, y. These details include how many miles a car can travel on a gallon of fuel in the city or on the highway, the size of the car's engine, the year it was made, and whether it has an automatic or manual transmission, amongst others.\n\nThe goal of the clustering analysis is to sort cars into groups based on these features. By doing this, we hope to find patterns or similar characteristics among cars. This can help us understand what types of cars are more alike and could also help predict the type of fuel a car uses based on its features. This information can be valuable for automobile manufacturers who want to understand what kinds of cars to make, or for buyers who are looking for a new car that fits certain criteria.\n\n# **Theory**\n\n## KMEANS:\n\nIn the automotive dataset, we can aim to distinguish between two predominant types of fuel consumption across various car makes and models. K-Means clustering is a suitable method for identifying these distinct groups. To begin, we need to determine the optimal number of clusters, denoted by 'k'. This number represents the groups we intend to identify within our data.\n\nThe K-Means algorithm starts by randomly selecting 'k' centroids, which are the initial points around which clusters are formed. Each data point is then assigned to the nearest centeroid based on a distance metric, and the centroids are recalculated as the mean of all points in the cluster. This process continues, reassigning data points to clusters and recalculating centroids, until the cluster assignments no longer change significantly, indicating that the clusters have stabilized.\n\nWhen determining the value of 'k', we can utilize the elbow method as a more systematic strategy than simple trial and error. By plotting the  variance in the clusters against different values of 'k', we look for the 'elbow' in the graph - a point where the rate of decrease in variance sharply changes. The value of 'k' at this elbow point is often considered an indicator of the optimal number of clusters, as it suggests a balance between minimizing variance and the number of clusters.\n\n## DBSCAN:\n\nDBSCAN is a clustering algorithm that's effective for data with complex shapes and varying densities, unlike K-Means which works best with spherical clusters. It starts by checking how many points are within a certain distance, called 'epsilon', from a random point. If there are enough points within this radius, a cluster forms around that point. The process continues as DBSCAN searches for more points to add to the cluster, expanding based on the density of points. Points that don't belong to any cluster are marked as outliers. This method is good for identifying clusters that aren't obvious and separating them from random noise in the data.\n\nThe silhouette method is a way to determine how well data is clustered. It calculates a score for each data point to see how similar it is to its own cluster compared to other clusters. This score ranges from -1 (meaning the data might be in the wrong cluster) to +1 (indicating the data is well placed in its own cluster). A higher average score across all data points suggests better clustering. By comparing these scores for different numbers of clusters, we can choose the best number of clusters for the data. This method helps to visually understand and assess the separation and quality of the clusters formed.\n\n## Hierarchical Clustering:\n\nIn hierarchical clustering, each data point is initially treated as a single cluster. For example, every row in a DataFrame is considered an individual cluster, and the algorithm searches for rows with the most similar attributes to gather together. The clustering results are organized and visualized using dendrograms, which offer a bottom-up view of the separation of different clusters.\n\nVarious distance metrics are used to determine the similarity between data points, with Euclidean distance being the most commonly used. In this notebook, we will explore different distance metrics and interpret their effectiveness in clustering analysis.\n\n# **Methods:**\n\n# Data selection\n\n# KMEANS\n\n\nBased on the plots, the optimal number of clusters seems to be 2. Beyond 2 clusters, both distortion and inertia rates slow down significantly.\n\n# DBSCAN\n\nWe can colude that 3 is indeed the optimal parameter as determined by the silhouette analysis since lowering the parameters to two did not form any clear clusters. The score is also higher for 3 parameters compared to 2 parameters.\n\n# Hierchical Clustering\n\nThis does provide us with an informative answer since the total feature set to begin with is 12.\n\n ### Plot the clusters for Agglomerative Clustering\n\n### Method = Complete and Distance metric = Euclidean\n\n### Method = Complete and Distance metric = Manhattan\n\n### Method = Average and Distance metric = Euclidean\n\n### Method = Single and Distance metric = Euclidean\n\nWhich distance metric seems to works best in which cases and why?\n\n> We can observe here that the dendrogram using Complete Linkage with Euclidean Distance shows distinct and meaningful clusters without the chaining effect. This dendrogram presents a clear hierarchy with well-defined clusters, suggesting that this metric may be the best out of the ones provided for clustering the given dataset, especially for distinguishing between different fuel types. The optimal numbe rof parameters based on the denfogram visualization is 3.\n\n## **Final Results**\n\n## KMEANS\n\nWe can see very distinct clusterings for two groups formed. The purple datapoints are more compact & dense while the yellow data points are more spread out. \n\n## DBSCAN\n\nA silhouette score close to 1 indicates very distinct clusters, so a score of 0.343 implies that while there is some cluster structure, there's room for improvement. The graph illustrates two very distinct groupings between the purple and yellow points\n\n## Hierchical Clustering\n\nBased on this graph, we can observe that the green group is clearly separate, suggesting strong similarity among its points. The purple and yellow groups overlap a bit, indicating they're not as clearly defined. This clustering tells us that the data likely has a natural grouping, especially for the green group, and that the second feature is probably more important for grouping than the first.\n\nWhich method seemed to work the best and why: \n> Kmeans seemed to have worked best since it creates two distict groups using the optimal paramter of 2 which was the result obtained of the elbow method of hyperparameter tuning.\n\nWhich was easier to use or preferable: \n> All three of them were easy to use, thanks to python's schikit-learn library making the algorithms very accessible. Kmeans and DBSCAN was more intuitive to use when compared to hierchical agglomerative clustering. \n\nDid the clustering results provide any new insights into your data: \n> From the way the clusters are arranged, it can be observe that there is a clear distinction between the two clusters along the Feature 2 (x_2) axis, but not as much along the Feature 1 (x_1) axis. The separation suggests that the clustering algorithms were able to find a division in the data, possibly around a significant difference in the values of Feature 2. This might imply that Feature 2 is a key variable in differentiating the data points into two groups.\n\n## **Conclusion**\n\nWe've completed an in-depth analysis of our dataset and identified clear groupings which align with our initial goal of investigating the fuel types used by vehicles, such as electric and gas. The results show a distinct separation between these groups. By further examining the size of these clusters, we'll be able to discern the more common type of vehicle on the road, thus gaining insight into the prevalence of each fuel type. This can be beneficial information for automotive manufacturers to gain insight into the demand of a particular fuel type and adjust production capacity accordingly. If we did not have previous knowledge about the variation in fuel types beforehand, these clustering analysis mechanisms would sufficiently have revealed the existence of two primary categories of cars distinguished by a significant feature.\n\n## References\n\n- https://medium.com/nerd-for-tech/k-means-clustering-using-python-2150769bd0b9 <br>\n- https://www.geeksforgeeks.org/hierarchical-clustering-in-data-mining/ <br>\n- https://jfh.georgetown.domains/dsan5000/slides-and-labs/_site/content/slides/clustering/notes.html#run-with-true-number-of-clusters <br>\n- https://towardsdatascience.com/k-means-dbscan-gmm-agglomerative-clustering-mastering-the-popular-models-in-a-segmentation-c891a3818e29 <br>\n- https://www.youtube.com/watch?v=4b5d3muPQmA <br>\n- https://www.youtube.com/watch?v=RDZUdRSDOok\n\n\n","srcMarkdownNoYaml":"\n\n# **Introduction**\n\nThe feature data 'X' consists of various details about cars, excluding the type of fuel they use, which is represented by the target variable, y. These details include how many miles a car can travel on a gallon of fuel in the city or on the highway, the size of the car's engine, the year it was made, and whether it has an automatic or manual transmission, amongst others.\n\nThe goal of the clustering analysis is to sort cars into groups based on these features. By doing this, we hope to find patterns or similar characteristics among cars. This can help us understand what types of cars are more alike and could also help predict the type of fuel a car uses based on its features. This information can be valuable for automobile manufacturers who want to understand what kinds of cars to make, or for buyers who are looking for a new car that fits certain criteria.\n\n# **Theory**\n\n## KMEANS:\n\nIn the automotive dataset, we can aim to distinguish between two predominant types of fuel consumption across various car makes and models. K-Means clustering is a suitable method for identifying these distinct groups. To begin, we need to determine the optimal number of clusters, denoted by 'k'. This number represents the groups we intend to identify within our data.\n\nThe K-Means algorithm starts by randomly selecting 'k' centroids, which are the initial points around which clusters are formed. Each data point is then assigned to the nearest centeroid based on a distance metric, and the centroids are recalculated as the mean of all points in the cluster. This process continues, reassigning data points to clusters and recalculating centroids, until the cluster assignments no longer change significantly, indicating that the clusters have stabilized.\n\nWhen determining the value of 'k', we can utilize the elbow method as a more systematic strategy than simple trial and error. By plotting the  variance in the clusters against different values of 'k', we look for the 'elbow' in the graph - a point where the rate of decrease in variance sharply changes. The value of 'k' at this elbow point is often considered an indicator of the optimal number of clusters, as it suggests a balance between minimizing variance and the number of clusters.\n\n## DBSCAN:\n\nDBSCAN is a clustering algorithm that's effective for data with complex shapes and varying densities, unlike K-Means which works best with spherical clusters. It starts by checking how many points are within a certain distance, called 'epsilon', from a random point. If there are enough points within this radius, a cluster forms around that point. The process continues as DBSCAN searches for more points to add to the cluster, expanding based on the density of points. Points that don't belong to any cluster are marked as outliers. This method is good for identifying clusters that aren't obvious and separating them from random noise in the data.\n\nThe silhouette method is a way to determine how well data is clustered. It calculates a score for each data point to see how similar it is to its own cluster compared to other clusters. This score ranges from -1 (meaning the data might be in the wrong cluster) to +1 (indicating the data is well placed in its own cluster). A higher average score across all data points suggests better clustering. By comparing these scores for different numbers of clusters, we can choose the best number of clusters for the data. This method helps to visually understand and assess the separation and quality of the clusters formed.\n\n## Hierarchical Clustering:\n\nIn hierarchical clustering, each data point is initially treated as a single cluster. For example, every row in a DataFrame is considered an individual cluster, and the algorithm searches for rows with the most similar attributes to gather together. The clustering results are organized and visualized using dendrograms, which offer a bottom-up view of the separation of different clusters.\n\nVarious distance metrics are used to determine the similarity between data points, with Euclidean distance being the most commonly used. In this notebook, we will explore different distance metrics and interpret their effectiveness in clustering analysis.\n\n# **Methods:**\n\n# Data selection\n\n# KMEANS\n\n\nBased on the plots, the optimal number of clusters seems to be 2. Beyond 2 clusters, both distortion and inertia rates slow down significantly.\n\n# DBSCAN\n\nWe can colude that 3 is indeed the optimal parameter as determined by the silhouette analysis since lowering the parameters to two did not form any clear clusters. The score is also higher for 3 parameters compared to 2 parameters.\n\n# Hierchical Clustering\n\nThis does provide us with an informative answer since the total feature set to begin with is 12.\n\n ### Plot the clusters for Agglomerative Clustering\n\n### Method = Complete and Distance metric = Euclidean\n\n### Method = Complete and Distance metric = Manhattan\n\n### Method = Average and Distance metric = Euclidean\n\n### Method = Single and Distance metric = Euclidean\n\nWhich distance metric seems to works best in which cases and why?\n\n> We can observe here that the dendrogram using Complete Linkage with Euclidean Distance shows distinct and meaningful clusters without the chaining effect. This dendrogram presents a clear hierarchy with well-defined clusters, suggesting that this metric may be the best out of the ones provided for clustering the given dataset, especially for distinguishing between different fuel types. The optimal numbe rof parameters based on the denfogram visualization is 3.\n\n## **Final Results**\n\n## KMEANS\n\nWe can see very distinct clusterings for two groups formed. The purple datapoints are more compact & dense while the yellow data points are more spread out. \n\n## DBSCAN\n\nA silhouette score close to 1 indicates very distinct clusters, so a score of 0.343 implies that while there is some cluster structure, there's room for improvement. The graph illustrates two very distinct groupings between the purple and yellow points\n\n## Hierchical Clustering\n\nBased on this graph, we can observe that the green group is clearly separate, suggesting strong similarity among its points. The purple and yellow groups overlap a bit, indicating they're not as clearly defined. This clustering tells us that the data likely has a natural grouping, especially for the green group, and that the second feature is probably more important for grouping than the first.\n\nWhich method seemed to work the best and why: \n> Kmeans seemed to have worked best since it creates two distict groups using the optimal paramter of 2 which was the result obtained of the elbow method of hyperparameter tuning.\n\nWhich was easier to use or preferable: \n> All three of them were easy to use, thanks to python's schikit-learn library making the algorithms very accessible. Kmeans and DBSCAN was more intuitive to use when compared to hierchical agglomerative clustering. \n\nDid the clustering results provide any new insights into your data: \n> From the way the clusters are arranged, it can be observe that there is a clear distinction between the two clusters along the Feature 2 (x_2) axis, but not as much along the Feature 1 (x_1) axis. The separation suggests that the clustering algorithms were able to find a division in the data, possibly around a significant difference in the values of Feature 2. This might imply that Feature 2 is a key variable in differentiating the data points into two groups.\n\n## **Conclusion**\n\nWe've completed an in-depth analysis of our dataset and identified clear groupings which align with our initial goal of investigating the fuel types used by vehicles, such as electric and gas. The results show a distinct separation between these groups. By further examining the size of these clusters, we'll be able to discern the more common type of vehicle on the road, thus gaining insight into the prevalence of each fuel type. This can be beneficial information for automotive manufacturers to gain insight into the demand of a particular fuel type and adjust production capacity accordingly. If we did not have previous knowledge about the variation in fuel types beforehand, these clustering analysis mechanisms would sufficiently have revealed the existence of two primary categories of cars distinguished by a significant feature.\n\n## References\n\n- https://medium.com/nerd-for-tech/k-means-clustering-using-python-2150769bd0b9 <br>\n- https://www.geeksforgeeks.org/hierarchical-clustering-in-data-mining/ <br>\n- https://jfh.georgetown.domains/dsan5000/slides-and-labs/_site/content/slides/clustering/notes.html#run-with-true-number-of-clusters <br>\n- https://towardsdatascience.com/k-means-dbscan-gmm-agglomerative-clustering-mastering-the-popular-models-in-a-segmentation-c891a3818e29 <br>\n- https://www.youtube.com/watch?v=4b5d3muPQmA <br>\n- https://www.youtube.com/watch?v=RDZUdRSDOok\n\n\n"},"formats":{"html":{"identifier":{"display-name":"HTML","target-format":"html","base-format":"html"},"execute":{"fig-width":7,"fig-height":5,"fig-format":"retina","fig-dpi":96,"df-print":"default","error":false,"eval":true,"cache":null,"freeze":false,"echo":true,"output":true,"warning":true,"include":true,"keep-md":false,"keep-ipynb":false,"ipynb":null,"enabled":false,"daemon":null,"daemon-restart":false,"debug":false,"ipynb-filters":[],"engine":"jupyter"},"render":{"keep-tex":false,"keep-source":false,"keep-hidden":false,"prefer-html":false,"output-divs":true,"output-ext":"html","fig-align":"default","fig-pos":null,"fig-env":null,"code-fold":true,"code-overflow":"scroll","code-link":false,"code-line-numbers":false,"code-tools":false,"tbl-colwidths":"auto","merge-includes":true,"inline-includes":false,"preserve-yaml":false,"latex-auto-mk":true,"latex-auto-install":true,"latex-clean":true,"latex-max-runs":10,"latex-makeindex":"makeindex","latex-makeindex-opts":[],"latex-tlmgr-opts":[],"latex-input-paths":[],"latex-output-dir":null,"link-external-icon":false,"link-external-newwindow":false,"self-contained-math":false,"format-resources":[],"notebook-links":true,"format-links":true},"pandoc":{"standalone":true,"wrap":"none","default-image-extension":"png","to":"html","toc":true,"output-file":"clustering.html"},"language":{"toc-title-document":"Table of contents","toc-title-website":"On this page","related-formats-title":"Other Formats","related-notebooks-title":"Notebooks","source-notebooks-prefix":"Source","section-title-abstract":"Abstract","section-title-appendices":"Appendices","section-title-footnotes":"Footnotes","section-title-references":"References","section-title-reuse":"Reuse","section-title-copyright":"Copyright","section-title-citation":"Citation","appendix-attribution-cite-as":"For attribution, please cite this work as:","appendix-attribution-bibtex":"BibTeX citation:","title-block-author-single":"Author","title-block-author-plural":"Authors","title-block-affiliation-single":"Affiliation","title-block-affiliation-plural":"Affiliations","title-block-published":"Published","title-block-modified":"Modified","callout-tip-title":"Tip","callout-note-title":"Note","callout-warning-title":"Warning","callout-important-title":"Important","callout-caution-title":"Caution","code-summary":"Code","code-tools-menu-caption":"Code","code-tools-show-all-code":"Show All Code","code-tools-hide-all-code":"Hide All Code","code-tools-view-source":"View Source","code-tools-source-code":"Source Code","code-line":"Line","code-lines":"Lines","copy-button-tooltip":"Copy to Clipboard","copy-button-tooltip-success":"Copied!","repo-action-links-edit":"Edit this page","repo-action-links-source":"View source","repo-action-links-issue":"Report an issue","back-to-top":"Back to top","search-no-results-text":"No results","search-matching-documents-text":"matching documents","search-copy-link-title":"Copy link to search","search-hide-matches-text":"Hide additional matches","search-more-match-text":"more match in this document","search-more-matches-text":"more matches in this document","search-clear-button-title":"Clear","search-detached-cancel-button-title":"Cancel","search-submit-button-title":"Submit","search-label":"Search","toggle-section":"Toggle section","toggle-sidebar":"Toggle sidebar navigation","toggle-dark-mode":"Toggle dark mode","toggle-reader-mode":"Toggle reader mode","toggle-navigation":"Toggle navigation","crossref-fig-title":"Figure","crossref-tbl-title":"Table","crossref-lst-title":"Listing","crossref-thm-title":"Theorem","crossref-lem-title":"Lemma","crossref-cor-title":"Corollary","crossref-prp-title":"Proposition","crossref-cnj-title":"Conjecture","crossref-def-title":"Definition","crossref-exm-title":"Example","crossref-exr-title":"Exercise","crossref-ch-prefix":"Chapter","crossref-apx-prefix":"Appendix","crossref-sec-prefix":"Section","crossref-eq-prefix":"Equation","crossref-lof-title":"List of Figures","crossref-lot-title":"List of Tables","crossref-lol-title":"List of Listings","environment-proof-title":"Proof","environment-remark-title":"Remark","environment-solution-title":"Solution","listing-page-order-by":"Order By","listing-page-order-by-default":"Default","listing-page-order-by-date-asc":"Oldest","listing-page-order-by-date-desc":"Newest","listing-page-order-by-number-desc":"High to Low","listing-page-order-by-number-asc":"Low to High","listing-page-field-date":"Date","listing-page-field-title":"Title","listing-page-field-description":"Description","listing-page-field-author":"Author","listing-page-field-filename":"File Name","listing-page-field-filemodified":"Modified","listing-page-field-subtitle":"Subtitle","listing-page-field-readingtime":"Reading Time","listing-page-field-categories":"Categories","listing-page-minutes-compact":"{0} min","listing-page-category-all":"All","listing-page-no-matches":"No matching items"},"metadata":{"lang":"en","fig-responsive":true,"quarto-version":"1.3.450","theme":"cosmo","title":"Clustering","code-summary":"Show the code"},"extensions":{"book":{"multiFile":true}}}},"projectFormats":["html"]}