{"title":"EDA and Hypothesis Testing","markdown":{"yaml":{"title":"EDA and Hypothesis Testing","format":{"html":{"embed-resources":true,"toc":true}}},"headingText":"**EDA**","containsRefs":false,"markdown":"\n\n\n## Load the data\n\n## Visualize VA AQI Frequency Distribution\n\nFrom this histogram we can discern that overall aqi in VA has the highest frequency in the 20-40 range, indicating this is the most common range for air quality index values in the dataset. It appears right-skewed, with a gradual decrease in frequency from the 40-60 to the 60-80 ranges, and a few potential outliers in the 120-140 range, suggesting occasional higher air quality index readings. The overall distribution points to a trend of lower air quality index values with some infrequent higher values.\n\n## Visualize MD AQI Frequency Distribution\n\nThe histogram for overall aqi in MD shows a distribution of air quality index values with a peak in the 60-80 range, indicating this is where the majority of data points fall, and thus the most common air quality index observed for this dataset. AQI in the ranges of 20-40 and 40-60 have lower frequencies, and there's a further decrease in the 80-100 range. The presence of data points in the 100-120 and 120-140 ranges suggests occasional higher values. The distribution is not as right-skewed as the previous histogram for VA, but it still shows a decrease in frequency as the value increases beyond the mode.\n\n## Compare VA AQI with MD AQI\n\n## Visualize the AQI Comparison using Boxplots\n\nThe box plot comparison indicates that Maryland has a higher median Air Quality Index (AQI) and greater variability in AQI values than Virginia, with Virginia exhibiting an outlier that indicates an occasional AQI reading significantly higher than typical values. Both states have similar symmetry around their medians, suggesting a comparable distribution shape for AQI readings.\n\n# **Hypothesis Testing**\n\n## **Welch Two Sample t-test**\n\nNull Hypothesis (H0): There is no significant difference in AQI between VA and MD.\n\nAlternative Hypothesis (H1): MD's AQI are of higher levels than VA's.\n\nThe Welch Two Sample t-test shows that there is not a statistically significant difference in the means of AQI between Virginia and Maryland (p-value = 0.9201), with Virginia having a slightly lower mean AQI (mean of x = 62.71429) compared to Maryland (mean of y = 70.12024).\n\nNon-technical conclusion: The test shows that VA and MD have very similar Air Aquality Indexes. \n\nThe 95% confidence interval for the difference in means of AQI between Virginia and Maryland is from approximately -16.04956 to infinity. This indicates that we can be 95% confident that the true difference in AQI means could be less than 0, suggesting no significant difference between the two states. Since the interval contains zero, it suggests that we cannot conclude a statistically significant difference in the AQI means of Virginia and Maryland, with the lower bound of this difference being just below zero. The \"Inf\" in the interval likely represents that the upper bound is not calculated or is extremely large, which typically happens when the variance in the two samples is quite different, or when the sample size is small, leading to a skewed distribution of the estimated mean difference.\n\n## **Bootstrap Hypothesis Test**\n\nConclusion: The 95% bootstrap percentile interval for the ratio of AQI means between Virginia and Maryland is from approximately 0.7602 to 1.0421. Since this interval includes 1, it suggests that there is not a statistically significant difference between the AQI means of the two states.\n\nThe Welch Two Sample t-test and bootstrap analysis both indicate no statistically significant difference in AQI between Virginia and Maryland, with the t-test yielding a p-value of 0.9201 and the bootstrap method providing a 95% confidence interval for the ratio of means that includes 1. These results are consistent and confirm no significant difference in AQI between the two states.\n","srcMarkdownNoYaml":"\n\n# **EDA**\n\n## Load the data\n\n## Visualize VA AQI Frequency Distribution\n\nFrom this histogram we can discern that overall aqi in VA has the highest frequency in the 20-40 range, indicating this is the most common range for air quality index values in the dataset. It appears right-skewed, with a gradual decrease in frequency from the 40-60 to the 60-80 ranges, and a few potential outliers in the 120-140 range, suggesting occasional higher air quality index readings. The overall distribution points to a trend of lower air quality index values with some infrequent higher values.\n\n## Visualize MD AQI Frequency Distribution\n\nThe histogram for overall aqi in MD shows a distribution of air quality index values with a peak in the 60-80 range, indicating this is where the majority of data points fall, and thus the most common air quality index observed for this dataset. AQI in the ranges of 20-40 and 40-60 have lower frequencies, and there's a further decrease in the 80-100 range. The presence of data points in the 100-120 and 120-140 ranges suggests occasional higher values. The distribution is not as right-skewed as the previous histogram for VA, but it still shows a decrease in frequency as the value increases beyond the mode.\n\n## Compare VA AQI with MD AQI\n\n## Visualize the AQI Comparison using Boxplots\n\nThe box plot comparison indicates that Maryland has a higher median Air Quality Index (AQI) and greater variability in AQI values than Virginia, with Virginia exhibiting an outlier that indicates an occasional AQI reading significantly higher than typical values. Both states have similar symmetry around their medians, suggesting a comparable distribution shape for AQI readings.\n\n# **Hypothesis Testing**\n\n## **Welch Two Sample t-test**\n\nNull Hypothesis (H0): There is no significant difference in AQI between VA and MD.\n\nAlternative Hypothesis (H1): MD's AQI are of higher levels than VA's.\n\nThe Welch Two Sample t-test shows that there is not a statistically significant difference in the means of AQI between Virginia and Maryland (p-value = 0.9201), with Virginia having a slightly lower mean AQI (mean of x = 62.71429) compared to Maryland (mean of y = 70.12024).\n\nNon-technical conclusion: The test shows that VA and MD have very similar Air Aquality Indexes. \n\nThe 95% confidence interval for the difference in means of AQI between Virginia and Maryland is from approximately -16.04956 to infinity. This indicates that we can be 95% confident that the true difference in AQI means could be less than 0, suggesting no significant difference between the two states. Since the interval contains zero, it suggests that we cannot conclude a statistically significant difference in the AQI means of Virginia and Maryland, with the lower bound of this difference being just below zero. The \"Inf\" in the interval likely represents that the upper bound is not calculated or is extremely large, which typically happens when the variance in the two samples is quite different, or when the sample size is small, leading to a skewed distribution of the estimated mean difference.\n\n## **Bootstrap Hypothesis Test**\n\nConclusion: The 95% bootstrap percentile interval for the ratio of AQI means between Virginia and Maryland is from approximately 0.7602 to 1.0421. Since this interval includes 1, it suggests that there is not a statistically significant difference between the AQI means of the two states.\n\nThe Welch Two Sample t-test and bootstrap analysis both indicate no statistically significant difference in AQI between Virginia and Maryland, with the t-test yielding a p-value of 0.9201 and the bootstrap method providing a 95% confidence interval for the ratio of means that includes 1. These results are consistent and confirm no significant difference in AQI between the two states.\n"},"formats":{"html":{"identifier":{"display-name":"HTML","target-format":"html","base-format":"html"},"execute":{"fig-width":7,"fig-height":5,"fig-format":"retina","fig-dpi":96,"df-print":"default","error":false,"eval":true,"cache":null,"freeze":false,"echo":true,"output":true,"warning":true,"include":true,"keep-md":false,"keep-ipynb":false,"ipynb":null,"enabled":false,"daemon":null,"daemon-restart":false,"debug":false,"ipynb-filters":[],"engine":"jupyter"},"render":{"keep-tex":false,"keep-source":false,"keep-hidden":false,"prefer-html":false,"output-divs":true,"output-ext":"html","fig-align":"default","fig-pos":null,"fig-env":null,"code-fold":"none","code-overflow":"scroll","code-link":false,"code-line-numbers":false,"code-tools":false,"tbl-colwidths":"auto","merge-includes":true,"inline-includes":false,"preserve-yaml":false,"latex-auto-mk":true,"latex-auto-install":true,"latex-clean":true,"latex-max-runs":10,"latex-makeindex":"makeindex","latex-makeindex-opts":[],"latex-tlmgr-opts":[],"latex-input-paths":[],"latex-output-dir":null,"link-external-icon":false,"link-external-newwindow":false,"self-contained-math":false,"format-resources":[],"notebook-links":true,"format-links":true},"pandoc":{"standalone":true,"wrap":"none","default-image-extension":"png","to":"html","toc":true,"embed-resources":true,"output-file":"eda.html"},"language":{"toc-title-document":"Table of contents","toc-title-website":"On this page","related-formats-title":"Other Formats","related-notebooks-title":"Notebooks","source-notebooks-prefix":"Source","section-title-abstract":"Abstract","section-title-appendices":"Appendices","section-title-footnotes":"Footnotes","section-title-references":"References","section-title-reuse":"Reuse","section-title-copyright":"Copyright","section-title-citation":"Citation","appendix-attribution-cite-as":"For attribution, please cite this work as:","appendix-attribution-bibtex":"BibTeX citation:","title-block-author-single":"Author","title-block-author-plural":"Authors","title-block-affiliation-single":"Affiliation","title-block-affiliation-plural":"Affiliations","title-block-published":"Published","title-block-modified":"Modified","callout-tip-title":"Tip","callout-note-title":"Note","callout-warning-title":"Warning","callout-important-title":"Important","callout-caution-title":"Caution","code-summary":"Code","code-tools-menu-caption":"Code","code-tools-show-all-code":"Show All Code","code-tools-hide-all-code":"Hide All Code","code-tools-view-source":"View Source","code-tools-source-code":"Source Code","code-line":"Line","code-lines":"Lines","copy-button-tooltip":"Copy to Clipboard","copy-button-tooltip-success":"Copied!","repo-action-links-edit":"Edit this page","repo-action-links-source":"View source","repo-action-links-issue":"Report an issue","back-to-top":"Back to top","search-no-results-text":"No results","search-matching-documents-text":"matching documents","search-copy-link-title":"Copy link to search","search-hide-matches-text":"Hide additional matches","search-more-match-text":"more match in this document","search-more-matches-text":"more matches in this document","search-clear-button-title":"Clear","search-detached-cancel-button-title":"Cancel","search-submit-button-title":"Submit","search-label":"Search","toggle-section":"Toggle section","toggle-sidebar":"Toggle sidebar navigation","toggle-dark-mode":"Toggle dark mode","toggle-reader-mode":"Toggle reader mode","toggle-navigation":"Toggle navigation","crossref-fig-title":"Figure","crossref-tbl-title":"Table","crossref-lst-title":"Listing","crossref-thm-title":"Theorem","crossref-lem-title":"Lemma","crossref-cor-title":"Corollary","crossref-prp-title":"Proposition","crossref-cnj-title":"Conjecture","crossref-def-title":"Definition","crossref-exm-title":"Example","crossref-exr-title":"Exercise","crossref-ch-prefix":"Chapter","crossref-apx-prefix":"Appendix","crossref-sec-prefix":"Section","crossref-eq-prefix":"Equation","crossref-lof-title":"List of Figures","crossref-lot-title":"List of Tables","crossref-lol-title":"List of Listings","environment-proof-title":"Proof","environment-remark-title":"Remark","environment-solution-title":"Solution","listing-page-order-by":"Order By","listing-page-order-by-default":"Default","listing-page-order-by-date-asc":"Oldest","listing-page-order-by-date-desc":"Newest","listing-page-order-by-number-desc":"High to Low","listing-page-order-by-number-asc":"Low to High","listing-page-field-date":"Date","listing-page-field-title":"Title","listing-page-field-description":"Description","listing-page-field-author":"Author","listing-page-field-filename":"File Name","listing-page-field-filemodified":"Modified","listing-page-field-subtitle":"Subtitle","listing-page-field-readingtime":"Reading Time","listing-page-field-categories":"Categories","listing-page-minutes-compact":"{0} min","listing-page-category-all":"All","listing-page-no-matches":"No matching items"},"metadata":{"lang":"en","fig-responsive":true,"quarto-version":"1.3.450","theme":"cosmo","title":"EDA and Hypothesis Testing"},"extensions":{"book":{"multiFile":true}}}},"projectFormats":["html"]}